nounId,nominative,genitive,transformationType,isSlender,syllableCount,nomSuffix,genSuffix,has ea
9,"Aidbhint","Aidbhinte","+e",true,2,"t","te","no"
37,"Anglais","Anglaise","+e",true,2,"s","se","no"
47,"Ard-Fheis","Ard-Fheise","+e",true,1,"s","se","no"
144,"Ceiltis","Ceiltise","+e",true,2,"s","se","no"
148,"Ciméiris","Ciméirise","+e",true,3,"s","se","no"
149,"Cincís","Cincíse","+e",true,2,"s","se","no"
171,"Cóiréis","Cóiréise","+e",true,2,"s","se","no"
172,"Cóisis","Cóisise","+e",true,2,"s","se","no"
175,"Craís","Craíse","+e",true,1,"s","se","no"
221,"Eocairist","Eocairiste","+e",true,3,"t","te","no"
309,"Hiondúis","Hiondúise","+e",true,2,"s","se","no"
327,"Inid","Inide","+e",true,2,"d","de","no"
374,"Lombairdis","Lombairdise","+e",true,3,"s","se","no"
454,"Navachóis","Navachóise","+e",true,3,"s","se","no"
575,"Seapáinis","Seapáinise","+e",true,3,"s","se","no"
605,"Slavais","Slavaise","+e",true,2,"s","se","no"
632,"Tibéidis","Tibéidise","+e",true,3,"s","se","no"
642,"Tríonóid","Tríonóide","+e",true,2,"d","de","no"
655,"Urdúis","Urdúise","+e",true,2,"s","se","no"
683,"abairt","abairte","+e",true,2,"t","te","no"
693,"abhantrach","abhantraí","aí",false,3,"ach","aí","no"
698,"abhlann","abhlainne","palatalized alt + e",false,2,"ann","ainne","no"
701,"abhóg","abhóige","palatalized alt + e",false,2,"óg","óige","no"
705,"abhraiseach","abhraisí","í",false,3,"seach","sí","yes"
725,"acarsóid","acarsóide","+e",true,3,"d","de","no"
750,"acmhainn","acmhainne","+e",true,2,"n","ne","no"
762,"adhaint","adhainte","+e",true,2,"t","te","no"
764,"adhairt","adhairte","+e",true,2,"t","te","no"
772,"adharc","adhairce","palatalized alt + e",false,2,"arc","airce","no"
777,"adhascaid","adhascaide","+e",true,3,"d","de","no"
789,"adhmaint","adhmainte","+e",true,2,"t","te","no"
801,"adóib","adóibe","+e",true,2,"b","be","no"
806,"aeistéitic","aeistéitice","+e",true,3,"c","ce","no"
816,"aeraidinimic","aeraidinimice","+e",true,5,"c","ce","no"
822,"aeráid","aeráide","+e",true,2,"d","de","no"
831,"aerbhunáit","aerbhunáite","+e",true,3,"t","te","no"
865,"aermhais","aermhaise","+e",true,2,"s","se","no"
868,"aeróg","aeróige","palatalized alt + e",false,2,"óg","óige","no"
871,"aerpháirc","aerpháirce","+e",true,2,"c","ce","no"
878,"aershreabh","aershreibhe","palatalized alt + e",false,2,"eabh","eibhe","yes"
885,"aerthonn","aerthoinne","palatalized alt + e",false,2,"onn","oinne","no"
891,"agaill","agaille","+e",true,2,"l","le","no"
894,"agall","agaille","palatalized alt + e",false,2,"all","aille","no"
902,"agáit","agáite","+e",true,2,"t","te","no"
904,"aghaidh","aghaidhe","+e",true,2,"h","he","no"
909,"agóid","agóide","+e",true,2,"d","de","no"
924,"aibhéis","aibhéise","+e",true,2,"s","se","no"
927,"aibhléis","aibhléise","+e",true,2,"s","se","no"
934,"aibíd","aibíde","+e",true,2,"d","de","no"
937,"aibítir","aibítre","syncope + e",true,3,"tir","tre","no"
938,"aibreog","aibreoige","palatalized alt + e",false,2,"og","oige","no"
951,"aicéitiléin","aicéitiléine","+e",true,4,"n","ne","no"
957,"aicíd","aicíde","+e",true,2,"d","de","no"
970,"aicsím","aicsíme","+e",true,2,"m","me","no"
972,"aidhm","aidhme","+e",true,1,"m","me","no"
982,"aifid","aifide","+e",true,2,"d","de","no"
1007,"ailb","ailbe","+e",true,1,"b","be","no"
1012,"ailceimic","ailceimice","+e",true,3,"c","ce","no"
1033,"aill","aille","+e",true,1,"l","le","no"
1040,"ailléirgin","ailléirgine","+e",true,3,"n","ne","no"
1042,"ailp","ailpe","+e",true,1,"p","pe","no"
1046,"ailt","ailte","+e",true,1,"t","te","no"
1061,"aimhréidh","aimhréidhe","+e",true,2,"h","he","no"
1064,"aimhriar","aimhréire","palatalized alt + e",false,2,"riar","réire","no"
1071,"aimitis","aimitise","+e",true,3,"s","se","no"
1077,"aimléis","aimléise","+e",true,2,"s","se","no"
1081,"aimniceintéis","aimniceintéise","+e",true,4,"s","se","no"
1095,"aimsir","aimsire","+e",true,2,"r","re","no"
1107,"ainbhreith","ainbhreithe","+e",true,2,"h","he","no"
1110,"aincheist","aincheiste","+e",true,2,"t","te","no"
1118,"aincis","aincise","+e",true,2,"s","se","no"
1159,"ainglis","ainglise","+e",true,2,"s","se","no"
1166,"ainimh","ainimhe","+e",true,2,"h","he","no"
1173,"ainís","ainíse","+e",true,2,"s","se","no"
1183,"ainmhéid","ainmhéide","+e",true,2,"d","de","no"
1184,"ainmhian","ainmhéine","palatalized alt + e",false,2,"hian","héine","no"
1200,"ainnir","ainnire","+e",true,2,"r","re","no"
1210,"ainscian","ainscéine","palatalized alt + e",false,2,"cian","céine","no"
1218,"ainsprid","ainspride","+e",true,2,"d","de","no"
1231,"aip","aipe","+e",true,1,"p","pe","no"
1232,"aipindic","aipindice","+e",true,3,"c","ce","no"
1234,"airc","airce","+e",true,1,"c","ce","no"
1241,"aircív","aircíve","+e",true,2,"v","ve","no"
1242,"aird","airde","+e",true,1,"d","de","no"
1286,"airnéis","airnéise","+e",true,2,"s","se","no"
1292,"ais","aise","+e",true,1,"s","se","no"
1315,"aisghairm","aisghairme","+e",true,2,"m","me","no"
1326,"aisléim","aisléime","+e",true,2,"m","me","no"
1328,"aisling","aislinge","+e",true,2,"g","ge","no"
1332,"aispeist","aispeiste","+e",true,2,"t","te","no"
1359,"aitéiriscléaróis","aitéiriscléaróise","+e",true,5,"s","se","no"
1368,"aithis","aithise","+e",true,2,"s","se","no"
1376,"aithris","aithrise","+e",true,2,"s","se","no"
1386,"aíochtlann","aíochtlainne","palatalized alt + e",false,2,"ann","ainne","no"
1413,"alfraits","alfraitse","+e",true,2,"s","se","no"
1424,"allait","allaite","+e",true,2,"t","te","no"
1441,"almóinn","almóinne","+e",true,2,"n","ne","no"
1460,"altfhliúit","altfhliúite","+e",true,2,"t","te","no"
1480,"amaid","amaide","+e",true,2,"d","de","no"
1496,"ambasáid","ambasáide","+e",true,3,"d","de","no"
1515,"amharclann","amharclainne","palatalized alt + e",false,3,"ann","ainne","no"
1520,"amhastrach","amhastraí","aí",false,3,"ach","aí","no"
1539,"amhscarthanach","amhscarthanaí","aí",false,4,"ach","aí","no"
1578,"anailís","anailíse","+e",true,3,"s","se","no"
1584,"anairt","anairte","+e",true,2,"t","te","no"
1589,"analach","analaí","aí",false,3,"ach","aí","no"
1610,"anáid","anáide","+e",true,2,"d","de","no"
1625,"anbhuain","anbhuaine","+e",true,2,"n","ne","no"
1644,"andóigh","andóighe","+e",true,2,"h","he","no"
1649,"andúil","andúile","+e",true,2,"l","le","no"
1672,"anglais","anglaise","+e",true,2,"s","se","no"
1717,"antaigin","antaigine","+e",true,3,"n","ne","no"
1726,"antasubstaint","antasubstainte","+e",true,4,"t","te","no"
1734,"antraicít","antraicíte","+e",true,3,"t","te","no"
1756,"aoibh","aoibhe","+e",true,1,"h","he","no"
1767,"aoir","aoire","+e",true,1,"r","re","no"
1769,"aois","aoise","+e",true,1,"s","se","no"
1775,"aolchloch","aolchloiche","palatalized alt + e",false,2,"och","oiche","no"
1777,"aolchoinneal","aolchoinnle","syncope + e",false,3,"neal","nle","yes"
1803,"aonghin","aonghine","+e",true,2,"n","ne","no"
1837,"apaipléis","apaipléise","+e",true,3,"s","se","no"
1841,"apastróf","apastróife","palatalized alt + e",false,3,"óf","óife","no"
1843,"apsaint","apsainte","+e",true,2,"t","te","no"
1847,"aragail","aragaile","+e",true,3,"l","le","no"
1848,"aragóinít","aragóiníte","+e",true,4,"t","te","no"
1849,"araicis","araicise","+e",true,3,"s","se","no"
1851,"araid","araide","+e",true,2,"d","de","no"
1875,"ardaicme","ardaicme","unknown",true,3,"e","e","no"
1899,"ardchríoch","ardchríche","palatalized alt + e",false,2,"íoch","íche","no"
1902,"ardeaglais","ardeaglaise","+e",true,3,"s","se","no"
1906,"ardéirim","ardéirime","+e",true,3,"m","me","no"
1927,"ardóg","ardóige","palatalized alt + e",false,2,"óg","óige","no"
1935,"ardscoil","ardscoile","+e",true,2,"l","le","no"
1948,"argóint","argóinte","+e",true,2,"t","te","no"
1959,"armáid","armáide","+e",true,2,"d","de","no"
1962,"armchúirt","armchúirte","+e",true,2,"t","te","no"
1964,"armlann","armlainne","palatalized alt + e",false,2,"ann","ainne","no"
1966,"armóin","armóine","+e",true,2,"n","ne","no"
1974,"arraing","arrainge","+e",true,2,"g","ge","no"
1975,"arsainíd","arsainíde","+e",true,3,"d","de","no"
1976,"arsanaic","arsanaice","+e",true,3,"c","ce","no"
1996,"ascaill","ascaille","+e",true,2,"l","le","no"
2023,"aspalóid","aspalóide","+e",true,3,"d","de","no"
2033,"astitim","astitime","+e",true,3,"m","me","no"
2037,"astraláib","astraláibe","+e",true,3,"b","be","no"
2109,"athchaint","athchainte","+e",true,2,"t","te","no"
2187,"athghairm","athghairme","+e",true,2,"m","me","no"
2217,"athlámh","athláimhe","palatalized alt + e",false,2,"ámh","áimhe","no"
2224,"athléim","athléime","+e",true,2,"m","me","no"
2269,"athróg","athróige","palatalized alt + e",false,2,"óg","óige","no"
2305,"athúsáid","athúsáide","+e",true,3,"d","de","no"
2307,"atitim","atitime","+e",true,3,"m","me","no"
2338,"áibhéil","áibhéile","+e",true,2,"l","le","no"
2345,"áiféis","áiféise","+e",true,2,"s","se","no"
2365,"áirc","áirce","+e",true,1,"c","ce","no"
2374,"áirithint","áirithinte","+e",true,3,"t","te","no"
2379,"áis","áise","+e",true,1,"s","se","no"
2384,"áit","áite","+e",true,1,"t","te","no"
2388,"áith","áithe","+e",true,1,"h","he","no"
2406,"ámóg","ámóige","palatalized alt + e",false,2,"óg","óige","no"
2421,"áraslann","áraslainne","palatalized alt + e",false,3,"ann","ainne","no"
2454,"bacainn","bacainne","+e",true,2,"n","ne","no"
2460,"bachall","bachaille","palatalized alt + e",false,2,"all","aille","no"
2461,"bachlóg","bachlóige","palatalized alt + e",false,2,"óg","óige","no"
2464,"baclainn","baclainne","+e",true,2,"n","ne","no"
2474,"badhbh","baidhbhe","palatalized alt + e",false,1,"adhbh","aidhbhe","no"
2493,"bail","baile","+e",true,1,"l","le","no"
2496,"bailc","bailce","+e",true,1,"c","ce","no"
2498,"bailchríoch","bailchríche","palatalized alt + e",false,2,"íoch","íche","no"
2522,"bainis","bainise","+e",true,2,"s","se","no"
2532,"baint","bainte","+e",true,1,"t","te","no"
2534,"baintreach","baintrí","í",false,2,"reach","rí","yes"
2554,"baisc","baisce","+e",true,1,"c","ce","no"
2560,"baisleac","baislice","palatalized + e",false,2,"leac","lice","yes"
2564,"baistealann","baistealainne","palatalized alt + e",false,3,"ann","ainne","no"
2566,"baithis","baithise","+e",true,2,"s","se","no"
2568,"baitíc","baitíce","+e",true,2,"c","ce","no"
2577,"balastráid","balastráide","+e",true,3,"d","de","no"
2583,"balcais","balcaise","+e",true,2,"s","se","no"
2585,"balcóin","balcóine","+e",true,2,"n","ne","no"
2594,"ballóg","ballóige","palatalized alt + e",false,2,"óg","óige","no"
2595,"ballóid","ballóide","+e",true,2,"d","de","no"
2604,"balscóid","balscóide","+e",true,2,"d","de","no"
2668,"banlámh","banláimhe","palatalized alt + e",false,2,"ámh","áimhe","no"
2687,"banrach","banraí","aí",false,2,"ach","aí","no"
2712,"baois","baoise","+e",true,1,"s","se","no"
2739,"baracáid","baracáide","+e",true,3,"d","de","no"
2772,"barrachairt","barrachairte","+e",true,3,"t","te","no"
2787,"barrchéim","barrchéime","+e",true,2,"m","me","no"
2801,"barriall","barréille","palatalized alt + e",false,2,"riall","réille","no"
2811,"barróg","barróige","palatalized alt + e",false,2,"óg","óige","no"
2820,"barrthuairisc","barrthuairisce","+e",true,3,"c","ce","no"
2828,"bas","baise","palatalized alt + e",false,1,"as","aise","no"
2862,"báb","báibe","palatalized alt + e",false,1,"áb","áibe","no"
2865,"bábóg","bábóige","palatalized alt + e",false,2,"óg","óige","no"
2866,"bácailít","bácailíte","+e",true,3,"t","te","no"
2874,"báfhuinneog","báfhuinneoige","palatalized alt + e",false,3,"og","oige","no"
2886,"báinseach","báinsí","í",false,2,"seach","sí","yes"
2892,"báirseach","báirsí","í",false,2,"seach","sí","yes"
2896,"báisteach","báistí","í",false,2,"teach","tí","yes"
2915,"bánghlóthach","bánghlóthaí","aí",false,3,"ach","aí","no"
2919,"bánóg","bánóige","palatalized alt + e",false,2,"óg","óige","no"
2938,"beach","beiche","palatalized alt + e",false,1,"each","eiche","yes"
2942,"beachlann","beachlainne","palatalized alt + e",false,2,"ann","ainne","no"
2968,"beaignit","beaignite","+e",true,2,"t","te","no"
2970,"beairic","beairice","+e",true,2,"c","ce","no"
2979,"beann","binne","palatalized + e",false,1,"beann","binne","yes"
3027,"beathaisnéis","beathaisnéise","+e",true,3,"s","se","no"
3042,"beicireil","beicireile","+e",true,3,"l","le","no"
3045,"beil","beile","+e",true,1,"l","le","no"
3047,"beilimnít","beilimníte","+e",true,3,"t","te","no"
3048,"beilt","beilte","+e",true,1,"t","te","no"
3052,"beinifís","beinifíse","+e",true,3,"s","se","no"
3053,"beinséin","beinséine","+e",true,2,"n","ne","no"
3060,"beiril","beirile","+e",true,2,"l","le","no"
3066,"beirt","beirte","+e",true,1,"t","te","no"
3068,"beirtreach","beirtrí","í",false,2,"reach","rí","yes"
3073,"beith","beithe","+e",true,1,"h","he","no"
3108,"béadchaint","béadchainte","+e",true,2,"t","te","no"
3114,"béalaithris","béalaithrise","+e",true,3,"s","se","no"
3120,"béalbhach","béalbhaí","aí",false,2,"ach","aí","no"
3130,"béalmhír","béalmhíre","+e",true,2,"r","re","no"
3133,"béalóg","béalóige","palatalized alt + e",false,2,"óg","óige","no"
3160,"béim","béime","+e",true,1,"m","me","no"
3175,"biabhóg","biabhóige","palatalized alt + e",false,2,"óg","óige","no"
3181,"bialann","bialainne","palatalized alt + e",false,2,"ann","ainne","no"
3195,"bigil","bigile","+e",true,2,"l","le","no"
3199,"bileog","bileoige","palatalized alt + e",false,2,"og","oige","no"
3207,"binb","binbe","+e",true,1,"b","be","no"
3211,"binid","binide","+e",true,2,"d","de","no"
3212,"binn","binne","+e",true,1,"n","ne","no"
3215,"binneog","binneoige","palatalized alt + e",false,2,"og","oige","no"
3271,"bithcheimic","bithcheimice","+e",true,3,"c","ce","no"
3278,"bitheog","bitheoige","palatalized alt + e",false,2,"og","oige","no"
3288,"bithghuais","bithghuaise","+e",true,2,"s","se","no"
3293,"bithmhais","bithmhaise","+e",true,2,"s","se","no"
3302,"bithshintéis","bithshintéise","+e",true,3,"s","se","no"
3306,"bitseach","bitsí","í",false,2,"seach","sí","yes"
3310,"bícéips","bícéipse","+e",true,2,"s","se","no"
3321,"bíog","bíge","palatalized alt + e",false,1,"íog","íge","no"
3325,"bíogarnach","bíogarnaí","aí",false,3,"ach","aí","no"
3333,"bíp","bípe","+e",true,1,"p","pe","no"
3334,"bís","bíse","+e",true,1,"s","se","no"
3350,"blagaid","blagaide","+e",true,2,"d","de","no"
3358,"blaisféim","blaisféime","+e",true,2,"m","me","no"
3365,"blaosc","blaoisce","palatalized alt + e",false,1,"osc","oisce","no"
3381,"blastóg","blastóige","palatalized alt + e",false,2,"óg","óige","no"
3394,"bláthach","bláthaí","aí",false,2,"ach","aí","no"
3399,"bláthfhleasc","bláthfhleisce","palatalized alt + e",false,2,"easc","eisce","yes"
3419,"bleaist","bleaiste","+e",true,1,"t","te","no"
3421,"bleathach","bleathaí","aí",false,2,"ach","aí","no"
3425,"bleib","bleibe","+e",true,1,"b","be","no"
3427,"bleid","bleide","+e",true,1,"d","de","no"
3435,"bléin","bléine","+e",true,1,"n","ne","no"
3441,"bliainiris","bliainirise","+e",true,3,"s","se","no"
3445,"bliantóg","bliantóige","palatalized alt + e",false,2,"óg","óige","no"
3459,"blíp","blípe","+e",true,1,"p","pe","no"
3473,"blocobair","blocoibre","palatalized alt syncope + e",true,3,"obair","oibre","no"
3475,"blocshliabh","blocsléibhe","exception",false,2,"shliabh","sléibhe","no"
3479,"blonag","blonaige","palatalized alt + e",false,2,"ag","aige","no"
3513,"bocóid","bocóide","+e",true,2,"d","de","no"
3534,"bodóg","bodóige","palatalized alt + e",false,2,"óg","óige","no"
3541,"bogadach","bogadaí","aí",false,3,"ach","aí","no"
3546,"bogarnach","bogarnaí","aí",false,3,"ach","aí","no"
3593,"boilg","boilge","+e",true,1,"g","ge","no"
3594,"boilgearnach","boilgearnaí","aí",false,3,"ach","aí","no"
3595,"boilgeog","boilgeoige","palatalized alt + e",false,2,"og","oige","no"
3598,"boilsc","boilsce","+e",true,1,"c","ce","no"
3609,"boireann","boirne","syncope + e",false,2,"reann","rne","yes"
3610,"boiric","boirice","+e",true,2,"c","ce","no"
3613,"boiseog","boiseoige","palatalized alt + e",false,2,"og","oige","no"
3627,"bolgach","bolgaí","aí",false,2,"ach","aí","no"
3631,"bolgchaint","bolgchainte","+e",true,2,"t","te","no"
3636,"bolgóid","bolgóide","+e",true,2,"d","de","no"
3644,"bollóg","bollóige","palatalized alt + e",false,2,"óg","óige","no"
3647,"bológ","bolóige","palatalized alt + e",false,2,"óg","óige","no"
3671,"bonnchéim","bonnchéime","+e",true,2,"m","me","no"
3677,"bonnleac","bonnleice","palatalized alt + e",false,2,"eac","eice","yes"
3680,"bonnóg","bonnóige","palatalized alt + e",false,2,"óg","óige","no"
3686,"bonsach","bonsaí","aí",false,2,"ach","aí","no"
3706,"borróg","borróige","palatalized alt + e",false,2,"óg","óige","no"
3707,"borrphéist","borrphéiste","+e",true,2,"t","te","no"
3715,"bos","boise","palatalized alt + e",false,1,"os","oise","no"
3725,"bosóg","bosóige","palatalized alt + e",false,2,"óg","óige","no"
3796,"bradóg","bradóige","palatalized alt + e",false,2,"óg","óige","no"
3802,"braich","braiche","+e",true,1,"h","he","no"
3815,"braillín","braillíne","+e",true,2,"n","ne","no"
3824,"braistint","braistinte","+e",true,2,"t","te","no"
3825,"braiteog","braiteoige","palatalized alt + e",false,2,"og","oige","no"
3853,"bratach","brataí","aí",false,2,"ach","aí","no"
3854,"bratainn","bratainne","+e",true,2,"n","ne","no"
3867,"bratóg","bratóige","palatalized alt + e",false,2,"óg","óige","no"
3892,"breab","breibe","palatalized alt + e",false,1,"eab","eibe","yes"
3935,"breall","breille","palatalized alt + e",false,1,"eall","eille","yes"
3959,"breis","breise","+e",true,1,"s","se","no"
3961,"breischéim","breischéime","+e",true,2,"m","me","no"
3971,"breith","breithe","+e",true,1,"h","he","no"
3982,"breochloch","breochloiche","palatalized alt + e",false,2,"och","oiche","no"
3983,"breochruimh","breochruimhe","+e",true,2,"h","he","no"
3994,"bréag","bréige","palatalized alt + e",false,1,"éag","éige","no"
4019,"bréifin","bréifine","+e",true,2,"n","ne","no"
4035,"brilléis","brilléise","+e",true,2,"s","se","no"
4046,"briogáid","briogáide","+e",true,2,"d","de","no"
4051,"brionglóid","brionglóide","+e",true,2,"d","de","no"
4058,"brioscarnach","brioscarnaí","aí",false,3,"ach","aí","no"
4063,"brioscóid","brioscóide","+e",true,2,"d","de","no"
4070,"bris","brise","+e",true,1,"s","se","no"
4090,"brídeach","brídí","í",false,2,"deach","dí","yes"
4091,"brídeog","brídeoige","palatalized alt + e",false,2,"og","oige","no"
4104,"brocach","brocaí","aí",false,2,"ach","aí","no"
4110,"brocais","brocaise","+e",true,2,"s","se","no"
4124,"broid","broide","+e",true,1,"d","de","no"
4126,"broidearnach","broidearnaí","aí",false,3,"ach","aí","no"
4141,"broinn","broinne","+e",true,1,"n","ne","no"
4174,"bróg","bróige","palatalized alt + e",false,1,"óg","óige","no"
4181,"bróimíd","bróimíde","+e",true,2,"d","de","no"
4186,"bróis","bróise","+e",true,1,"s","se","no"
4218,"bruinneall","bruinnille","palatalized + e",false,2,"neall","nille","yes"
4219,"bruis","bruise","+e",true,1,"s","se","no"
4224,"bruithean","bruithne","syncope + e",false,2,"hean","hne","yes"
4233,"bruitíneach","bruitíní","í",false,3,"neach","ní","yes"
4234,"bruíon","bruíne","íne",false,1,"íon","íne","no"
4239,"brusc-charraig","brusc-charraige","+e",true,2,"g","ge","no"
4248,"bruthcharraig","bruthcharraige","+e",true,3,"g","ge","no"
4260,"brúdlann","brúdlainne","palatalized alt + e",false,2,"ann","ainne","no"
4262,"brúid","brúide","+e",true,1,"d","de","no"
4276,"brúshlat","brúshlaite","palatalized alt + e",false,2,"at","aite","no"
4285,"buac","buaice","palatalized alt + e",false,1,"ac","aice","no"
4297,"buaf","buaife","palatalized alt + e",false,1,"af","aife","no"
4302,"buaic","buaice","+e",true,1,"c","ce","no"
4329,"bualtrach","bualtraí","aí",false,2,"ach","aí","no"
4352,"buanseilbh","buanseilbhe","+e",true,2,"h","he","no"
4354,"buantonn","buantoinne","palatalized alt + e",false,2,"onn","oinne","no"
4358,"buarach","buaraí","aí",false,2,"ach","aí","no"
4361,"buatais","buataise","+e",true,2,"s","se","no"
4383,"buimpéis","buimpéise","+e",true,2,"s","se","no"
4386,"buinneach","buinní","í",false,2,"neach","ní","yes"
4390,"buinneog","buinneoige","palatalized alt + e",false,2,"og","oige","no"
4392,"buirg","buirge","+e",true,1,"g","ge","no"
4414,"buíon","buíne","íne",false,1,"íon","íne","no"
4416,"buíóg","buíóige","palatalized alt + e",false,1,"óg","óige","no"
4421,"bulcaid","bulcaide","+e",true,2,"d","de","no"
4433,"bumbóg","bumbóige","palatalized alt + e",false,2,"óg","óige","no"
4447,"bunaois","bunaoise","+e",true,2,"s","se","no"
4452,"bunáit","bunáite","+e",true,2,"t","te","no"
4453,"bunáite","bunáite","unknown",true,3,"e","e","no"
4460,"buncharraig","buncharraige","+e",true,3,"g","ge","no"
4464,"bunchéim","bunchéime","+e",true,2,"m","me","no"
4469,"bunchloch","bunchloiche","palatalized alt + e",false,2,"och","oiche","no"
4474,"bunchóip","bunchóipe","+e",true,2,"p","pe","no"
4507,"bunóc","bunóice","palatalized alt + e",false,2,"óc","óice","no"
4521,"bunscoil","bunscoile","+e",true,2,"l","le","no"
4528,"bunsócmhainn","bunsócmhainne","+e",true,3,"n","ne","no"
4529,"bunsprioc","bunsprice","palatalized alt + e",false,2,"ioc","ice","no"
4530,"bunsraith","bunsraithe","+e",true,2,"h","he","no"
4532,"bunstaid","bunstaide","+e",true,2,"d","de","no"
4563,"burgúin","burgúine","+e",true,2,"n","ne","no"
4577,"butrach","butraí","aí",false,2,"ach","aí","no"
4585,"búir","búire","+e",true,1,"r","re","no"
4586,"búireach","búirí","í",false,2,"reach","rí","yes"
4646,"cadhain","caidhne","palatalized alt syncope + e",true,2,"adhain","aidhne","no"
4655,"cadóg","cadóige","palatalized alt + e",false,2,"óg","óige","no"
4677,"caibidil","caibidle","syncope + e",true,3,"dil","dle","no"
4686,"caibléireog","caibléireoige","palatalized alt + e",false,3,"og","oige","no"
4688,"caid","caide","+e",true,1,"d","de","no"
4694,"caidéis","caidéise","+e",true,2,"s","se","no"
4698,"caidhp","caidhpe","+e",true,1,"p","pe","no"
4714,"caiféin","caiféine","+e",true,2,"n","ne","no"
4720,"cailc","cailce","+e",true,1,"c","ce","no"
4730,"caileann","caille","exception",false,2,"leann","lle","yes"
4741,"cailís","cailíse","+e",true,2,"s","se","no"
4742,"caill","caille","+e",true,1,"l","le","no"
4744,"cailleach","caillí","í",false,2,"leach","lí","yes"
4771,"caimseog","caimseoige","palatalized alt + e",false,2,"og","oige","no"
4779,"caingean","caingne","syncope + e",false,2,"gean","gne","yes"
4783,"cainneann","cainninne","palatalized + e",false,2,"neann","ninne","yes"
4788,"caint","cainte","+e",true,1,"t","te","no"
4790,"caintic","caintice","+e",true,2,"c","ce","no"
4800,"cairbíd","cairbíde","+e",true,2,"d","de","no"
4829,"cairt","cairte","+e",true,1,"t","te","no"
4831,"cairteitilt","cairteitilte","+e",true,3,"t","te","no"
4855,"caismirneach","caismirní","í",false,3,"neach","ní","yes"
4856,"caismirt","caismirte","+e",true,2,"t","te","no"
4857,"caismír","caismíre","+e",true,2,"r","re","no"
4875,"caithréim","caithréime","+e",true,2,"m","me","no"
4879,"caiticéis","caiticéise","+e",true,3,"s","se","no"
4896,"calaois","calaoise","+e",true,2,"s","se","no"
4919,"callóid","callóide","+e",true,2,"d","de","no"
4928,"calóg","calóige","palatalized alt + e",false,2,"óg","óige","no"
4934,"cam-mhuin","cam-mhuine","+e",true,1,"n","ne","no"
4953,"camchuairt","camchuairte","+e",true,2,"t","te","no"
4958,"camhaoir","camhaoire","+e",true,2,"r","re","no"
4961,"camóg","camóige","palatalized alt + e",false,2,"óg","óige","no"
4974,"camscéim","camscéime","+e",true,2,"m","me","no"
5016,"cantaoir","cantaoire","+e",true,2,"r","re","no"
5017,"cantarlann","cantarlainne","palatalized alt + e",false,3,"ann","ainne","no"
5020,"cantáid","cantáide","+e",true,2,"d","de","no"
5041,"caochneantóg","caochneantóige","palatalized alt + e",false,3,"óg","óige","no"
5042,"caochóg","caochóige","palatalized alt + e",false,2,"óg","óige","no"
5045,"caochshráid","caochshráide","+e",true,2,"d","de","no"
5050,"caochthuairim","caochthuairime","+e",true,3,"m","me","no"
5097,"caolchúis","caolchúise","+e",true,2,"s","se","no"
5106,"caolsráid","caolsráide","+e",true,2,"d","de","no"
5120,"caor","caoire","palatalized alt + e",false,1,"or","oire","no"
5125,"caoróg","caoróige","palatalized alt + e",false,2,"óg","óige","no"
5156,"carbaihiodráit","carbaihiodráite","+e",true,4,"t","te","no"
5174,"carbónáit","carbónáite","+e",true,3,"t","te","no"
5200,"caróg","caróige","palatalized alt + e",false,2,"óg","óige","no"
5214,"carraig","carraige","+e",true,2,"g","ge","no"
5226,"carrchuil","carrchuile","+e",true,2,"l","le","no"
5242,"cartlann","cartlainne","palatalized alt + e",false,2,"ann","ainne","no"
5253,"casachtach","casachtaí","aí",false,3,"ach","aí","no"
5260,"casaoid","casaoide","+e",true,2,"d","de","no"
5263,"casarnach","casarnaí","aí",false,3,"ach","aí","no"
5269,"caschaint","caschainte","+e",true,2,"t","te","no"
5285,"casnóg","casnóige","palatalized alt + e",false,2,"óg","óige","no"
5286,"casóg","casóige","palatalized alt + e",false,2,"óg","óige","no"
5290,"castainn","castainne","+e",true,2,"n","ne","no"
5307,"catagóir","catagóire","+e",true,3,"r","re","no"
5313,"catalóg","catalóige","palatalized alt + e",false,3,"óg","óige","no"
5349,"catóid","catóide","+e",true,2,"d","de","no"
5351,"catsúil","catsúile","+e",true,2,"l","le","no"
5357,"cábóg","cábóige","palatalized alt + e",false,2,"óg","óige","no"
5374,"cáil","cáile","+e",true,1,"l","le","no"
5379,"cáim","cáime","+e",true,1,"m","me","no"
5380,"cáimric","cáimrice","+e",true,2,"c","ce","no"
5382,"cáinaisnéis","cáinaisnéise","+e",true,3,"s","se","no"
5392,"cáipéis","cáipéise","+e",true,2,"s","se","no"
5394,"cáiréis","cáiréise","+e",true,2,"s","se","no"
5397,"cáis","cáise","+e",true,1,"s","se","no"
5407,"cáithleach","cáithlí","í",false,2,"leach","lí","yes"
5414,"cálráib","cálráibe","+e",true,2,"b","be","no"
5435,"cásálach","cásálaí","aí",false,3,"ach","aí","no"
5439,"cásobair","cásoibre","palatalized alt syncope + e",true,3,"obair","oibre","no"
5475,"ceallalóid","ceallalóide","+e",true,3,"d","de","no"
5495,"ceamphróifíl","ceamphróifíle","+e",true,3,"l","le","no"
5511,"ceannadhairt","ceannadhairte","+e",true,3,"t","te","no"
5516,"ceannairc","ceannairce","+e",true,2,"c","ce","no"
5555,"ceannoifig","ceannoifige","+e",true,3,"g","ge","no"
5566,"ceannsraith","ceannsraithe","+e",true,2,"h","he","no"
5575,"ceanrach","ceanraí","aí",false,2,"ach","aí","no"
5589,"ceapach","ceapaí","aí",false,2,"ach","aí","no"
5601,"ceapóg","ceapóige","palatalized alt + e",false,2,"óg","óige","no"
5608,"cearc","circe","palatalized + e",false,1,"cearc","circe","yes"
5609,"cearchaill","cearchaille","+e",true,2,"l","le","no"
5619,"ceardlann","ceardlainne","palatalized alt + e",false,2,"ann","ainne","no"
5620,"ceardscoil","ceardscoile","+e",true,2,"l","le","no"
5627,"cearnóg","cearnóige","palatalized alt + e",false,2,"óg","óige","no"
5675,"ceathairuilleog","ceathairuilleoige","palatalized alt + e",false,4,"og","oige","no"
5698,"ceilp","ceilpe","+e",true,1,"p","pe","no"
5702,"ceilt","ceilte","+e",true,1,"t","te","no"
5709,"ceimic","ceimice","+e",true,2,"c","ce","no"
5718,"ceintíl","ceintíle","+e",true,2,"l","le","no"
5728,"ceird","ceirde","+e",true,1,"d","de","no"
5739,"ceirt","ceirte","+e",true,1,"t","te","no"
5742,"ceirtlis","ceirtlise","+e",true,2,"s","se","no"
5746,"ceist","ceiste","+e",true,1,"t","te","no"
5771,"ceolchoirm","ceolchoirme","+e",true,2,"m","me","no"
5775,"ceolfhoireann","ceolfhoirne","syncope + e",false,3,"reann","rne","yes"
5801,"céadphroinn","céadphroinne","+e",true,2,"n","ne","no"
5842,"céim","céime","+e",true,1,"m","me","no"
5852,"céimroinnt","céimroinnte","+e",true,2,"t","te","no"
5858,"céirseach","céirsí","í",false,2,"seach","sí","yes"
5860,"céis","céise","+e",true,1,"s","se","no"
5867,"ciabh","céibhe","palatalized alt + e",false,1,"ciabh","céibhe","no"
5875,"ciainíd","ciainíde","+e",true,2,"d","de","no"
5876,"ciall","céille","palatalized alt + e",false,1,"ciall","céille","no"
5882,"cian","céine","palatalized alt + e",false,1,"cian","céine","no"
5898,"cianóg","cianóige","palatalized alt + e",false,2,"óg","óige","no"
5913,"ciaróg","ciaróige","palatalized alt + e",false,2,"óg","óige","no"
5926,"ciclid","ciclide","+e",true,2,"d","de","no"
5928,"ciclimin","ciclimine","+e",true,3,"n","ne","no"
5929,"ciclipéid","ciclipéide","+e",true,3,"d","de","no"
5936,"cigilt","cigilte","+e",true,2,"t","te","no"
5944,"cileavatuair","cileavatuaire","+e",true,4,"r","re","no"
5948,"cill","cille","+e",true,1,"l","le","no"
5974,"cinedheighilt","cinedheighilte","+e",true,4,"t","te","no"
5985,"cinneadhfhadhb","cinneadhfhaidhbe","palatalized alt + e",false,3,"adhb","aidhbe","no"
5986,"cinneadhtheoiric","cinneadhtheoirice","+e",true,4,"c","ce","no"
6007,"ciocáid","ciocáide","+e",true,2,"d","de","no"
6040,"cioróis","cioróise","+e",true,2,"s","se","no"
6049,"ciotóg","ciotóige","palatalized alt + e",false,2,"óg","óige","no"
6051,"ciotrainn","ciotrainne","+e",true,2,"n","ne","no"
6066,"cis","cise","+e",true,1,"s","se","no"
6067,"ciseach","cisí","í",false,2,"seach","sí","yes"
6077,"cispheil","cispheile","+e",true,2,"l","le","no"
6079,"cist","ciste","+e",true,1,"t","te","no"
6086,"cistin","cistine","+e",true,2,"n","ne","no"
6099,"cithréim","cithréime","+e",true,2,"m","me","no"
6105,"cits","citse","+e",true,1,"s","se","no"
6107,"ciumhais","ciumhaise","+e",true,2,"s","se","no"
6123,"cíb","cíbe","+e",true,1,"b","be","no"
6133,"cín","cíne","+e",true,1,"n","ne","no"
6135,"cíocáid","cíocáide","+e",true,2,"d","de","no"
6137,"cíoch","cíche","palatalized alt + e",false,1,"íoch","íche","no"
6149,"cíor","círe","palatalized alt + e",false,1,"íor","íre","no"
6166,"círéib","círéibe","+e",true,2,"b","be","no"
6207,"clagarnach","clagarnaí","aí",false,3,"ach","aí","no"
6215,"claig","claige","+e",true,1,"g","ge","no"
6222,"clairnéid","clairnéide","+e",true,2,"d","de","no"
6224,"clais","claise","+e",true,1,"s","se","no"
6251,"clann","clainne","palatalized alt + e",false,1,"ann","ainne","no"
6296,"clasaic","clasaice","+e",true,2,"c","ce","no"
6304,"cláideach","cláidí","í",false,2,"deach","dí","yes"
6308,"cláirnéid","cláirnéide","+e",true,2,"d","de","no"
6309,"cláirseach","cláirsí","í",false,2,"seach","sí","yes"
6320,"clárfhiacail","clárfhiacaile","+e",true,3,"l","le","no"
6321,"clárlann","clárlainne","palatalized alt + e",false,2,"ann","ainne","no"
6368,"cleitearnach","cleitearnaí","aí",false,3,"ach","aí","no"
6372,"cleith","cleithe","+e",true,1,"h","he","no"
6387,"cléir","cléire","+e",true,1,"r","re","no"
6410,"cliarscoil","cliarscoile","+e",true,2,"l","le","no"
6411,"cliath","cléithe","palatalized alt + e",false,1,"liath","léithe","no"
6427,"clib","clibe","+e",true,1,"b","be","no"
6429,"clibirt","clibirte","+e",true,2,"t","te","no"
6438,"cling","clinge","+e",true,1,"g","ge","no"
6447,"cliobóg","cliobóige","palatalized alt + e",false,2,"óg","óige","no"
6481,"cloch","cloiche","palatalized alt + e",false,1,"och","oiche","no"
6509,"clogarnach","clogarnaí","aí",false,3,"ach","aí","no"
6540,"cló-aghaidh","cló-aghaidhe","+e",true,2,"h","he","no"
6554,"clófhoireann","clófhoirne","syncope + e",false,3,"reann","rne","yes"
6557,"clóic","clóice","+e",true,1,"c","ce","no"
6560,"clóiríd","clóiríde","+e",true,2,"d","de","no"
6564,"clóis","clóise","+e",true,1,"s","se","no"
6566,"clólann","clólainne","palatalized alt + e",false,2,"ann","ainne","no"
6583,"clóscríbhinn","clóscríbhinne","+e",true,3,"n","ne","no"
6596,"cluas","cluaise","palatalized alt + e",false,1,"as","aise","no"
6622,"cluimhreach","cluimhrí","í",false,2,"reach","rí","yes"
6632,"clúid","clúide","+e",true,1,"d","de","no"
6650,"cnagarnach","cnagarnaí","aí",false,3,"ach","aí","no"
6656,"cnagshingil","cnagshingile","+e",true,3,"l","le","no"
6657,"cnaguirlis","cnaguirlise","+e",true,3,"s","se","no"
6685,"cnáfairt","cnáfairte","+e",true,2,"t","te","no"
6686,"cnáib","cnáibe","+e",true,1,"b","be","no"
6699,"cnámh","cnáimhe","palatalized alt + e",false,1,"ámh","áimhe","no"
6710,"cnámhóg","cnámhóige","palatalized alt + e",false,2,"óg","óige","no"
6731,"cniogóg","cniogóige","palatalized alt + e",false,2,"óg","óige","no"
6798,"codaisíl","codaisíle","+e",true,3,"l","le","no"
6825,"cogarnach","cogarnaí","aí",false,3,"ach","aí","no"
6837,"coibhéis","coibhéise","+e",true,2,"s","se","no"
6844,"coicís","coicíse","+e",true,2,"s","se","no"
6850,"coigeal","coigile","palatalized + e",false,2,"geal","gile","yes"
6851,"coigealach","coigealaí","aí",false,3,"ach","aí","no"
6857,"coigilt","coigilte","+e",true,2,"t","te","no"
6863,"coigríoch","coigríche","palatalized alt + e",false,2,"íoch","íche","no"
6885,"coill","coille","+e",true,1,"l","le","no"
6898,"coim","coime","+e",true,1,"m","me","no"
6914,"coimhlint","coimhlinte","+e",true,2,"t","te","no"
6931,"coimpléid","coimpléide","+e",true,2,"d","de","no"
6941,"coinbhint","coinbhinte","+e",true,2,"t","te","no"
6946,"coincleach","coinclí","í",false,2,"leach","lí","yes"
6947,"coincréit","coincréite","+e",true,2,"t","te","no"
6949,"coindris","coindrise","+e",true,2,"s","se","no"
6965,"coinneal","coinnle","syncope + e",false,2,"neal","nle","yes"
6992,"cointinn","cointinne","+e",true,2,"n","ne","no"
6996,"coir","coire","+e",true,1,"r","re","no"
7002,"coirceog","coirceoige","palatalized alt + e",false,2,"og","oige","no"
7023,"coirm","coirme","+e",true,1,"m","me","no"
7036,"coirt","coirte","+e",true,1,"t","te","no"
7042,"coiscéim","coiscéime","+e",true,2,"m","me","no"
7072,"colainn","colainne","+e",true,2,"n","ne","no"
7088,"colgrach","colgraí","aí",false,2,"ach","aí","no"
7092,"collaigin","collaigine","+e",true,3,"n","ne","no"
7094,"colláid","colláide","+e",true,2,"d","de","no"
7107,"cológ","colóige","palatalized alt + e",false,2,"óg","óige","no"
7109,"colpach","colpaí","aí",false,2,"ach","aí","no"
7117,"colúnáid","colúnáide","+e",true,3,"d","de","no"
7126,"comaoin","comaoine","+e",true,2,"n","ne","no"
7138,"comhadlann","comhadlainne","palatalized alt + e",false,3,"ann","ainne","no"
7193,"comhbheith","comhbheithe","+e",true,2,"h","he","no"
7219,"comhcheilg","comhcheilge","+e",true,2,"g","ge","no"
7271,"comhdhúil","comhdhúile","+e",true,2,"l","le","no"
7297,"comhfhuaim","comhfhuaime","+e",true,2,"m","me","no"
7300,"comhghairm","comhghairme","+e",true,2,"m","me","no"
7372,"comhréir","comhréire","+e",true,2,"r","re","no"
7380,"comhroinnt","comhroinnte","+e",true,2,"t","te","no"
7447,"comparáid","comparáide","+e",true,3,"d","de","no"
7466,"conair","conaire","+e",true,2,"r","re","no"
7467,"conairt","conairte","+e",true,2,"t","te","no"
7473,"conbharsáid","conbharsáide","+e",true,3,"d","de","no"
7480,"conclúid","conclúide","+e",true,2,"d","de","no"
7481,"concordáid","concordáide","+e",true,3,"d","de","no"
7519,"conspóid","conspóide","+e",true,2,"d","de","no"
7522,"constaic","constaice","+e",true,2,"c","ce","no"
7539,"contúirt","contúirte","+e",true,2,"t","te","no"
7540,"copail","copaile","+e",true,2,"l","le","no"
7546,"copóg","copóige","palatalized alt + e",false,2,"óg","óige","no"
7563,"corcach","corcaí","aí",false,2,"ach","aí","no"
7594,"corpacmhainn","corpacmhainne","+e",true,3,"n","ne","no"
7595,"corparáid","corparáide","+e",true,3,"d","de","no"
7610,"corr","coirre","palatalized alt + e",false,1,"orr","oirre","no"
7612,"corrabhuais","corrabhuaise","+e",true,3,"s","se","no"
7641,"corrmhéar","corrmhéire","palatalized alt + e",false,2,"éar","éire","no"
7644,"corróg","corróige","palatalized alt + e",false,2,"óg","óige","no"
7653,"cos","coise","palatalized alt + e",false,1,"os","oise","no"
7679,"cosmaid","cosmaide","+e",true,2,"d","de","no"
7682,"cosmhuintir","cosmhuintire","+e",true,3,"r","re","no"
7689,"costóg","costóige","palatalized alt + e",false,2,"óg","óige","no"
7705,"cothromóid","cothromóide","+e",true,3,"d","de","no"
7737,"cógaslann","cógaslainne","palatalized alt + e",false,3,"ann","ainne","no"
7744,"cóilis","cóilise","+e",true,2,"s","se","no"
7755,"cóimhéid","cóimhéide","+e",true,2,"d","de","no"
7760,"cóip","cóipe","+e",true,1,"p","pe","no"
7780,"cóisir","cóisire","+e",true,2,"r","re","no"
7800,"cónaidhm","cónaidhme","+e",true,2,"m","me","no"
7833,"córlann","córlainne","palatalized alt + e",false,2,"ann","ainne","no"
7837,"córscoil","córscoile","+e",true,2,"l","le","no"
7839,"cósleitís","cósleitíse","+e",true,3,"s","se","no"
7850,"craic","craice","+e",true,1,"c","ce","no"
7867,"crangaid","crangaide","+e",true,2,"d","de","no"
7882,"crannlann","crannlainne","palatalized alt + e",false,2,"ann","ainne","no"
7884,"crannóg","crannóige","palatalized alt + e",false,2,"óg","óige","no"
7896,"craobh","craoibhe","palatalized alt + e",false,1,"obh","oibhe","no"
7906,"craobhóg","craobhóige","palatalized alt + e",false,2,"óg","óige","no"
7944,"crág","cráige","palatalized alt + e",false,1,"ág","áige","no"
7959,"cráinbheach","cráinbheiche","palatalized alt + e",false,2,"each","eiche","yes"
7978,"creach","creiche","palatalized alt + e",false,1,"each","eiche","yes"
8008,"creatlach","creatlaí","aí",false,2,"ach","aí","no"
8021,"creig","creige","+e",true,1,"g","ge","no"
8022,"creill","creille","+e",true,1,"l","le","no"
8041,"créafóg","créafóige","palatalized alt + e",false,2,"óg","óige","no"
8053,"créip","créipe","+e",true,1,"p","pe","no"
8079,"criostailít","criostailíte","+e",true,3,"t","te","no"
8096,"critic","critice","+e",true,2,"c","ce","no"
8099,"critíc","critíce","+e",true,2,"c","ce","no"
8105,"críoch","críche","palatalized alt + e",false,1,"íoch","íche","no"
8110,"críochdheighilt","críochdheighilte","+e",true,3,"t","te","no"
8131,"crobhaing","crobhainge","+e",true,2,"g","ge","no"
8143,"croch","croiche","palatalized alt + e",false,1,"och","oiche","no"
8152,"crochóg","crochóige","palatalized alt + e",false,2,"óg","óige","no"
8164,"croinic","croinice","+e",true,2,"c","ce","no"
8169,"croit","croite","+e",true,1,"t","te","no"
8174,"croithleog","croithleoige","palatalized alt + e",false,2,"og","oige","no"
8194,"cromfhearsaid","cromfhearsaide","+e",true,3,"d","de","no"
8196,"cromóg","cromóige","palatalized alt + e",false,2,"óg","óige","no"
8207,"cros","croise","palatalized alt + e",false,1,"os","oise","no"
8212,"crosáid","crosáide","+e",true,2,"d","de","no"
8254,"crothóg","crothóige","palatalized alt + e",false,2,"óg","óige","no"
8275,"cróimít","cróimíte","+e",true,2,"t","te","no"
8281,"crólinn","crólinne","+e",true,2,"n","ne","no"
8303,"crónghiúis","crónghiúise","+e",true,2,"s","se","no"
8316,"cruach","cruaiche","palatalized alt + e",false,1,"ach","aiche","no"
8331,"cruachóip","cruachóipe","+e",true,2,"p","pe","no"
8350,"cruib","cruibe","+e",true,1,"b","be","no"
8355,"cruimh","cruimhe","+e",true,1,"h","he","no"
8364,"cruinneog","cruinneoige","palatalized alt + e",false,2,"og","oige","no"
8372,"cruinnphéist","cruinnphéiste","+e",true,2,"t","te","no"
8376,"cruit","cruite","+e",true,1,"t","te","no"
8386,"cruóg","cruóige","palatalized alt + e",false,1,"óg","óige","no"
8400,"crúb","crúibe","palatalized alt + e",false,1,"úb","úibe","no"
8403,"crúbadach","crúbadaí","aí",false,3,"ach","aí","no"
8417,"crúibíneach","crúibíní","í",false,3,"neach","ní","yes"
8426,"cuach","cuaiche","palatalized alt + e",false,1,"ach","aiche","no"
8436,"cuachóg","cuachóige","palatalized alt + e",false,2,"óg","óige","no"
8448,"cuain","cuaine","+e",true,1,"n","ne","no"
8453,"cuairt","cuairte","+e",true,1,"t","te","no"
8492,"cuasnóg","cuasnóige","palatalized alt + e",false,2,"óg","óige","no"
8503,"cufróg","cufróige","palatalized alt + e",false,2,"óg","óige","no"
8521,"cuigeann","cuiginne","palatalized + e",false,2,"geann","ginne","yes"
8522,"cuil","cuile","+e",true,1,"l","le","no"
8529,"cuileog","cuileoige","palatalized alt + e",false,2,"og","oige","no"
8538,"cuilt","cuilte","+e",true,1,"t","te","no"
8544,"cuimilt","cuimilte","+e",true,2,"t","te","no"
8555,"cuing","cuinge","+e",true,1,"g","ge","no"
8561,"cuinneog","cuinneoige","palatalized alt + e",false,2,"og","oige","no"
8588,"cuiteog","cuiteoige","palatalized alt + e",false,2,"og","oige","no"
8593,"culaith","culaithe","+e",true,2,"h","he","no"
8609,"cumarsáid","cumarsáide","+e",true,3,"d","de","no"
8638,"cuntaois","cuntaoise","+e",true,2,"s","se","no"
8654,"curach","curaí","aí",false,2,"ach","aí","no"
8712,"cúileann","cúilinne","palatalized + e",false,2,"leann","linne","yes"
8728,"cúirt","cúirte","+e",true,1,"t","te","no"
8734,"cúirtéis","cúirtéise","+e",true,2,"s","se","no"
8736,"cúirtéiseánach","cúirtéiseánaí","aí",false,4,"ach","aí","no"
8739,"cúis","cúise","+e",true,1,"s","se","no"
8779,"cúlchaint","cúlchainte","+e",true,2,"t","te","no"
8785,"cúlchistin","cúlchistine","+e",true,3,"n","ne","no"
8793,"cúlchríoch","cúlchríche","palatalized alt + e",false,2,"íoch","íche","no"
8812,"cúloifig","cúloifige","+e",true,3,"g","ge","no"
8813,"cúlóg","cúlóige","palatalized alt + e",false,2,"óg","óige","no"
8823,"cúlráid","cúlráide","+e",true,2,"d","de","no"
8828,"cúlslais","cúlslaise","+e",true,2,"s","se","no"
8832,"cúlsplanc","cúlsplaince","palatalized alt + e",false,2,"anc","aince","no"
8864,"cúpóil","cúpóile","+e",true,2,"l","le","no"
8874,"cúróg","cúróige","palatalized alt + e",false,2,"óg","óige","no"
8885,"dabhach","daibhche","palatalized alt syncope + e",false,2,"abhach","aibhche","no"
8886,"dabhaid","dabhaide","+e",true,2,"d","de","no"
8906,"daigh","daighe","+e",true,1,"h","he","no"
8907,"daighear","daighre","syncope + e",false,2,"hear","hre","yes"
8927,"dairt","dairte","+e",true,1,"t","te","no"
8957,"dallóg","dallóige","palatalized alt + e",false,2,"óg","óige","no"
8986,"danaid","danaide","+e",true,2,"d","de","no"
9020,"daonscoil","daonscoile","+e",true,2,"l","le","no"
9027,"daorbhreith","daorbhreithe","+e",true,2,"h","he","no"
9067,"dáileog","dáileoige","palatalized alt + e",false,2,"og","oige","no"
9070,"dáimh","dáimhe","+e",true,1,"h","he","no"
9078,"dámh","dáimhe","palatalized alt + e",false,1,"ámh","áimhe","no"
9081,"dámhscoil","dámhscoile","+e",true,2,"l","le","no"
9085,"dánlann","dánlainne","palatalized alt + e",false,2,"ann","ainne","no"
9134,"dea-mhéin","dea-mhéine","+e",true,2,"n","ne","no"
9159,"deabhóid","deabhóide","+e",true,2,"d","de","no"
9182,"deais","deaise","+e",true,1,"s","se","no"
9187,"dealbh","deilbhe","palatalized alt + e",false,1,"ealbh","eilbhe","yes"
9192,"dealg","deilge","palatalized alt + e",false,1,"ealg","eilge","yes"
9213,"deannóg","deannóige","palatalized alt + e",false,2,"óg","óige","no"
9273,"dearlaic","dearlaice","+e",true,2,"c","ce","no"
9288,"deasc","deisce","palatalized alt + e",false,1,"easc","eisce","yes"
9293,"deaschaint","deaschainte","+e",true,2,"t","te","no"
9302,"deasóg","deasóige","palatalized alt + e",false,2,"óg","óige","no"
9314,"deic","deice","+e",true,1,"c","ce","no"
9320,"deicibeil","deicibeile","+e",true,3,"l","le","no"
9322,"deicíl","deicíle","+e",true,2,"l","le","no"
9323,"deicrimint","deicriminte","+e",true,3,"t","te","no"
9325,"deifir","deifre","syncope + e",true,2,"fir","fre","no"
9327,"deighilt","deighilte","+e",true,2,"t","te","no"
9331,"deil","deile","+e",true,1,"l","le","no"
9332,"deilbh","deilbhe","+e",true,1,"h","he","no"
9339,"deilf","deilfe","+e",true,1,"f","fe","no"
9343,"deilgneach","deilgní","í",false,2,"neach","ní","yes"
9350,"deilt","deilte","+e",true,1,"t","te","no"
9362,"deir","deire","+e",true,1,"r","re","no"
9365,"deirc","deirce","+e",true,1,"c","ce","no"
9378,"deis","deise","+e",true,1,"s","se","no"
9406,"deoir","deoire","+e",true,1,"r","re","no"
9434,"dé-ocsaíd","dé-ocsaíde","+e",true,2,"d","de","no"
9437,"déabhlóid","déabhlóide","+e",true,2,"d","de","no"
9444,"déadchíor","déadchíre","palatalized alt + e",false,2,"íor","íre","no"
9479,"décharbónáit","décharbónáite","+e",true,4,"t","te","no"
9497,"déil","déile","+e",true,1,"l","le","no"
9505,"déirc","déirce","+e",true,1,"c","ce","no"
9515,"déistin","déistine","+e",true,2,"n","ne","no"
9561,"diaicritic","diaicritice","+e",true,3,"c","ce","no"
9564,"diail","diaile","+e",true,1,"l","le","no"
9572,"dialann","dialainne","palatalized alt + e",false,2,"ann","ainne","no"
9576,"diallait","diallaite","+e",true,2,"t","te","no"
9581,"dialóg","dialóige","palatalized alt + e",false,2,"óg","óige","no"
9624,"dias","déise","palatalized alt + e",false,1,"dias","déise","no"
9637,"diathair","diathaire","+e",true,2,"r","re","no"
9666,"diméin","diméine","+e",true,2,"n","ne","no"
9671,"ding","dinge","+e",true,1,"g","ge","no"
9678,"dinglis","dinglise","+e",true,2,"s","se","no"
9679,"dinimic","dinimice","+e",true,3,"c","ce","no"
9682,"dinimít","dinimíte","+e",true,3,"t","te","no"
9695,"diomailt","diomailte","+e",true,2,"t","te","no"
9721,"diosmaid","diosmaide","+e",true,2,"d","de","no"
9727,"dip","dipe","+e",true,1,"p","pe","no"
9734,"discréid","discréide","+e",true,2,"d","de","no"
9737,"dispeansáid","dispeansáide","+e",true,3,"d","de","no"
9746,"diúg","diúige","palatalized alt + e",false,1,"úg","úige","no"
9761,"diúlfhiacail","diúlfhiacaile","+e",true,3,"l","le","no"
9785,"díbheirg","díbheirge","+e",true,2,"g","ge","no"
9787,"díbhinn","díbhinne","+e",true,2,"n","ne","no"
9832,"dídean","dídine","palatalized + e",false,2,"dean","dine","yes"
9862,"dílleachtlann","dílleachtlainne","palatalized alt + e",false,3,"ann","ainne","no"
9875,"dím","díme","+e",true,1,"m","me","no"
9887,"dín","díne","+e",true,1,"n","ne","no"
9893,"dínit","dínite","+e",true,2,"t","te","no"
9906,"díog","díge","palatalized alt + e",false,1,"íog","íge","no"
9907,"díogarnach","díogarnaí","aí",false,3,"ach","aí","no"
9912,"díograis","díograise","+e",true,2,"s","se","no"
9959,"díospóid","díospóide","+e",true,2,"d","de","no"
9976,"dírbheathaisnéis","dírbheathaisnéise","+e",true,4,"s","se","no"
9995,"dís","díse","+e",true,1,"s","se","no"
9996,"dísc","dísce","+e",true,1,"c","ce","no"
10020,"díth","díthe","+e",true,1,"h","he","no"
10026,"díthreabh","díthreibhe","palatalized alt + e",false,2,"eabh","eibhe","yes"
10033,"dlaíóg","dlaíóige","palatalized alt + e",false,1,"óg","óige","no"
10053,"dlúimh","dlúimhe","+e",true,1,"h","he","no"
10059,"dlútharmóin","dlútharmóine","+e",true,3,"n","ne","no"
10134,"doghrainn","doghrainne","+e",true,2,"n","ne","no"
10154,"doineann","doininne","palatalized + e",false,2,"neann","ninne","yes"
10161,"doirb","doirbe","+e",true,1,"b","be","no"
10168,"doirneog","doirneoige","palatalized alt + e",false,2,"og","oige","no"
10192,"domhain","doimhne","palatalized alt syncope + e",true,2,"omhain","oimhne","no"
10230,"donnóg","donnóige","palatalized alt + e",false,2,"óg","óige","no"
10251,"dordveidhil","dordveidhle","syncope + e",true,3,"hil","hle","no"
10264,"dornóg","dornóige","palatalized alt + e",false,2,"óg","óige","no"
10266,"dorr","doirre","palatalized alt + e",false,1,"orr","oirre","no"
10296,"dócmhainn","dócmhainne","+e",true,2,"n","ne","no"
10305,"dóib","dóibe","+e",true,1,"b","be","no"
10306,"dóid","dóide","+e",true,1,"d","de","no"
10310,"dóigh","dóighe","+e",true,1,"h","he","no"
10348,"draid","draide","+e",true,1,"d","de","no"
10366,"dramhaltach","dramhaltaí","aí",false,3,"ach","aí","no"
10386,"draoib","draoibe","+e",true,1,"b","be","no"
10410,"dreancaid","dreancaide","+e",true,2,"d","de","no"
10427,"dreigít","dreigíte","+e",true,2,"t","te","no"
10442,"dréim","dréime","+e",true,1,"m","me","no"
10448,"drilic","drilice","+e",true,2,"c","ce","no"
10456,"drioglann","drioglainne","palatalized alt + e",false,2,"ann","ainne","no"
10459,"dris","drise","+e",true,1,"s","se","no"
10462,"driseog","driseoige","palatalized alt + e",false,2,"og","oige","no"
10472,"drithleog","drithleoige","palatalized alt + e",false,2,"og","oige","no"
10493,"droch-chríoch","droch-chríche","palatalized alt + e",false,1,"íoch","íche","no"
10510,"drochbhail","drochbhaile","+e",true,2,"l","le","no"
10545,"drochiontaoibh","drochiontaoibhe","+e",true,3,"h","he","no"
10556,"drochobair","drochoibre","palatalized alt syncope + e",true,3,"obair","oibre","no"
10584,"drochtheist","drochtheiste","+e",true,2,"t","te","no"
10591,"drochuair","drochuaire","+e",true,2,"r","re","no"
10623,"dromainn","dromainne","+e",true,2,"n","ne","no"
10635,"drong","droinge","palatalized alt + e",false,1,"ong","oinge","no"
10640,"dronn","droinne","palatalized alt + e",false,1,"onn","oinne","no"
10646,"dronuilleog","dronuilleoige","palatalized alt + e",false,3,"og","oige","no"
10647,"dronuillinn","dronuillinne","+e",true,3,"n","ne","no"
10650,"drólann","drólainne","palatalized alt + e",false,2,"ann","ainne","no"
10660,"druid","druide","+e",true,1,"d","de","no"
10662,"druil","druile","+e",true,1,"l","le","no"
10682,"drúis","drúise","+e",true,1,"s","se","no"
10690,"drúthlann","drúthlainne","palatalized alt + e",false,2,"ann","ainne","no"
10693,"duainéis","duainéise","+e",true,2,"s","se","no"
10695,"duais","duaise","+e",true,1,"s","se","no"
10736,"dufair","dufaire","+e",true,2,"r","re","no"
10755,"duilleog","duilleoige","palatalized alt + e",false,2,"og","oige","no"
10765,"duirling","duirlinge","+e",true,2,"g","ge","no"
10771,"dumhach","duimhche","palatalized alt syncope + e",false,2,"umhach","uimhche","no"
10787,"dúbailt","dúbailte","+e",true,2,"t","te","no"
10802,"dúcheist","dúcheiste","+e",true,2,"t","te","no"
10820,"dúid","dúide","+e",true,1,"d","de","no"
10823,"dúil","dúile","+e",true,1,"l","le","no"
10839,"dúléim","dúléime","+e",true,2,"m","me","no"
10865,"dúnghaois","dúnghaoise","+e",true,2,"s","se","no"
10895,"dúshraith","dúshraithe","+e",true,2,"h","he","no"
10916,"eachlann","eachlainne","palatalized alt + e",false,2,"ann","ainne","no"
10946,"eadarlúid","eadarlúide","+e",true,3,"d","de","no"
10954,"eagaois","eagaoise","+e",true,2,"s","se","no"
10961,"eaglais","eaglaise","+e",true,2,"s","se","no"
10977,"ealaín","ealaíne","+e",true,2,"n","ne","no"
10991,"eangach","eangaí","aí",false,2,"ach","aí","no"
11013,"earr","eirre","palatalized alt + e",false,1,"earr","eirre","yes"
11020,"earráid","earráide","+e",true,2,"d","de","no"
11039,"eascann","eascainne","palatalized alt + e",false,2,"ann","ainne","no"
11055,"easmailt","easmailte","+e",true,2,"t","te","no"
11061,"easóg","easóige","palatalized alt + e",false,2,"óg","óige","no"
11075,"easurraim","easurraime","+e",true,3,"m","me","no"
11084,"eibheardhióirít","eibheardhióiríte","+e",true,4,"t","te","no"
11102,"eilc","eilce","+e",true,1,"c","ce","no"
11107,"eilifint","eilifinte","+e",true,3,"t","te","no"
11109,"eilimint","eiliminte","+e",true,3,"t","te","no"
11110,"eilit","eilite","+e",true,2,"t","te","no"
11123,"einsím","einsíme","+e",true,2,"m","me","no"
11135,"eipic","eipice","+e",true,2,"c","ce","no"
11140,"eipidéim","eipidéime","+e",true,3,"m","me","no"
11147,"eipistil","eipistile","+e",true,3,"l","le","no"
11154,"eireog","eireoige","palatalized alt + e",false,2,"og","oige","no"
11179,"eiseamláir","eiseamláire","+e",true,3,"r","re","no"
11189,"eisichreatlach","eisichreatlaí","aí",false,4,"ach","aí","no"
11225,"eiteog","eiteoige","palatalized alt + e",false,2,"og","oige","no"
11236,"eitic","eitice","+e",true,2,"c","ce","no"
11238,"eitil","eitile","+e",true,2,"l","le","no"
11240,"eitilt","eitilte","+e",true,2,"t","te","no"
11242,"eitinn","eitinne","+e",true,2,"n","ne","no"
11246,"eitleog","eitleoige","palatalized alt + e",false,2,"og","oige","no"
11256,"eitpheil","eitpheile","+e",true,2,"l","le","no"
11266,"eochairmhír","eochairmhíre","+e",true,3,"r","re","no"
11274,"eoclaip","eoclaipe","+e",true,2,"p","pe","no"
11288,"eotanáis","eotanáise","+e",true,3,"s","se","no"
11292,"éabhlóid","éabhlóide","+e",true,2,"d","de","no"
11322,"éadóigh","éadóighe","+e",true,2,"h","he","no"
11348,"éagmais","éagmaise","+e",true,2,"s","se","no"
11350,"éagnairc","éagnairce","+e",true,2,"c","ce","no"
11375,"éalang","éalainge","palatalized alt + e",false,2,"ang","ainge","no"
11390,"éanlaith","éanlaithe","+e",true,2,"h","he","no"
11393,"éanlann","éanlainne","palatalized alt + e",false,2,"ann","ainne","no"
11397,"éarlais","éarlaise","+e",true,2,"s","se","no"
11408,"éastraigin","éastraigine","+e",true,3,"n","ne","no"
11454,"éigríoch","éigríche","palatalized alt + e",false,2,"íoch","íche","no"
11478,"éiric","éirice","+e",true,2,"c","ce","no"
11479,"éirim","éirime","+e",true,2,"m","me","no"
11487,"éislinn","éislinne","+e",true,2,"n","ne","no"
11497,"éitir","éitire","+e",true,2,"r","re","no"
11499,"fabhairt","fabhairte","+e",true,2,"t","te","no"
11513,"fabraic","fabraice","+e",true,2,"c","ce","no"
11519,"fachnaoid","fachnaoide","+e",true,2,"d","de","no"
11542,"fadhb","faidhbe","palatalized alt + e",false,1,"adhb","aidhbe","no"
11573,"faichill","faichille","+e",true,2,"l","le","no"
11582,"faighin","faighne","syncope + e",true,2,"hin","hne","no"
11583,"faighneog","faighneoige","palatalized alt + e",false,2,"og","oige","no"
11585,"fail","faile","+e",true,1,"l","le","no"
11589,"faill","faille","+e",true,1,"l","le","no"
11611,"faireog","faireoige","palatalized alt + e",false,2,"og","oige","no"
11629,"faisnéis","faisnéise","+e",true,2,"s","se","no"
11636,"faíreach","faírí","í",false,2,"reach","rí","yes"
11638,"falacail","falacaile","+e",true,3,"l","le","no"
11652,"fallaing","fallainge","+e",true,2,"g","ge","no"
11678,"fanntais","fanntaise","+e",true,2,"s","se","no"
11701,"faoistin","faoistine","+e",true,2,"n","ne","no"
11709,"faonoscailt","faonoscailte","+e",true,3,"t","te","no"
11764,"fáinleog","fáinleoige","palatalized alt + e",false,2,"og","oige","no"
11787,"fáithim","fáithime","+e",true,2,"m","me","no"
11794,"fálróid","fálróide","+e",true,2,"d","de","no"
11825,"fáschoill","fáschoille","+e",true,2,"l","le","no"
11850,"fead","feide","palatalized alt + e",false,1,"ead","eide","yes"
11859,"feadóg","feadóige","palatalized alt + e",false,2,"óg","óige","no"
11874,"feamainn","feamainne","+e",true,2,"n","ne","no"
11883,"feannóg","feannóige","palatalized alt + e",false,2,"óg","óige","no"
11898,"fearb","feirbe","palatalized alt + e",false,1,"earb","eirbe","yes"
11905,"fearg","feirge","palatalized alt + e",false,1,"earg","eirge","yes"
11911,"fearnóg","fearnóige","palatalized alt + e",false,2,"óg","óige","no"
11919,"fearsaid","fearsaide","+e",true,2,"d","de","no"
11924,"fearthainn","fearthainne","+e",true,2,"n","ne","no"
11947,"feidhm","feidhme","+e",true,1,"m","me","no"
11982,"feilt","feilte","+e",true,1,"t","te","no"
11997,"feirc","feirce","+e",true,1,"c","ce","no"
11999,"feirdhris","feirdhrise","+e",true,2,"s","se","no"
12004,"feirm","feirme","+e",true,1,"m","me","no"
12009,"feis","feise","+e",true,1,"s","se","no"
12018,"feithealann","feithealainne","palatalized alt + e",false,3,"ann","ainne","no"
12022,"feithicil","feithicle","syncope + e",true,3,"cil","cle","no"
12023,"feithid","feithide","+e",true,2,"d","de","no"
12026,"feithidicíd","feithidicíde","+e",true,4,"d","de","no"
12070,"féasóg","féasóige","palatalized alt + e",false,2,"óg","óige","no"
12099,"féinchúis","féinchúise","+e",true,2,"s","se","no"
12113,"féinmhuinín","féinmhuiníne","+e",true,3,"n","ne","no"
12118,"féinseirbhís","féinseirbhíse","+e",true,3,"s","se","no"
12120,"féinspéis","féinspéise","+e",true,2,"s","se","no"
12128,"féirseog","féirseoige","palatalized alt + e",false,2,"og","oige","no"
12129,"féith","féithe","+e",true,1,"h","he","no"
12132,"féitheog","féitheoige","palatalized alt + e",false,2,"og","oige","no"
12153,"fiacail","fiacaile","+e",true,2,"l","le","no"
12237,"fiarshúil","fiarshúile","+e",true,2,"l","le","no"
12251,"ficheall","fichille","palatalized + e",false,2,"heall","hille","yes"
12258,"fidil","fidle","syncope + e",true,2,"dil","dle","no"
12286,"fillteog","fillteoige","palatalized alt + e",false,2,"og","oige","no"
12356,"firmimint","firmiminte","+e",true,3,"t","te","no"
12361,"fisic","fisice","+e",true,2,"c","ce","no"
12370,"fithis","fithise","+e",true,2,"s","se","no"
12396,"fíf","fífe","+e",true,1,"f","fe","no"
12404,"fíneog","fíneoige","palatalized alt + e",false,2,"og","oige","no"
12422,"fíonchaor","fíonchaoire","palatalized alt + e",false,2,"or","oire","no"
12427,"fíonlann","fíonlainne","palatalized alt + e",false,2,"ann","ainne","no"
12454,"fíric","fírice","+e",true,2,"c","ce","no"
12459,"fís","físe","+e",true,1,"s","se","no"
12465,"físdialann","físdialainne","palatalized alt + e",false,3,"ann","ainne","no"
12474,"fístéip","fístéipe","+e",true,2,"p","pe","no"
12497,"flapóg","flapóige","palatalized alt + e",false,2,"óg","óige","no"
12502,"flaspóg","flaspóige","palatalized alt + e",false,2,"óg","óige","no"
12507,"fleasc","fleisce","palatalized alt + e",false,1,"easc","eisce","yes"
12518,"fleisc","fleisce","+e",true,1,"c","ce","no"
12527,"fliodh","flidhe","palatalized alt + e",false,1,"iodh","idhe","no"
12537,"fliúit","fliúite","+e",true,1,"t","te","no"
12541,"flíp","flípe","+e",true,1,"p","pe","no"
12560,"fluairíd","fluairíde","+e",true,2,"d","de","no"
12619,"fochaid","fochaide","+e",true,2,"d","de","no"
12644,"fochomhadlann","fochomhadlainne","palatalized alt + e",false,4,"ann","ainne","no"
12730,"foireann","foirne","syncope + e",false,2,"reann","rne","yes"
12737,"foirm","foirme","+e",true,1,"m","me","no"
12750,"foirnéis","foirnéise","+e",true,2,"s","se","no"
12839,"fonóid","fonóide","+e",true,2,"d","de","no"
12863,"foraois","foraoise","+e",true,2,"s","se","no"
12902,"forchlúid","forchlúide","+e",true,2,"d","de","no"
12927,"fordhuilleog","fordhuilleoige","palatalized alt + e",false,3,"og","oige","no"
12981,"formailin","formailine","+e",true,3,"n","ne","no"
13023,"forshéis","forshéise","+e",true,2,"s","se","no"
13061,"foscríbhinn","foscríbhinne","+e",true,3,"n","ne","no"
13069,"fosfáit","fosfáite","+e",true,2,"t","te","no"
13075,"foshraith","foshraithe","+e",true,2,"h","he","no"
13099,"fothair","foithre","palatalized alt syncope + e",true,2,"othair","oithre","no"
13143,"fóint","fóinte","+e",true,1,"t","te","no"
13148,"fóiréinsic","fóiréinsice","+e",true,3,"c","ce","no"
13149,"fóirithint","fóirithinte","+e",true,3,"t","te","no"
13152,"fóisc","fóisce","+e",true,1,"c","ce","no"
13162,"fónaic","fónaice","+e",true,2,"c","ce","no"
13173,"fótachóip","fótachóipe","+e",true,3,"p","pe","no"
13182,"fótaichríoch","fótaichríche","palatalized alt + e",false,3,"íoch","íche","no"
13208,"fraigh","fraighe","+e",true,1,"h","he","no"
13279,"fréamh","fréimhe","palatalized alt + e",false,1,"éamh","éimhe","no"
13318,"frisnéis","frisnéise","+e",true,2,"s","se","no"
13397,"frithnimh","frithnimhe","+e",true,2,"h","he","no"
13422,"fritonn","fritoinne","palatalized alt + e",false,2,"onn","oinne","no"
13425,"fríd","fríde","+e",true,1,"d","de","no"
13465,"fuaim","fuaime","+e",true,1,"m","me","no"
13476,"fuaimint","fuaiminte","+e",true,2,"t","te","no"
13489,"fuairnimh","fuairnimhe","+e",true,2,"h","he","no"
13525,"fuarchúis","fuarchúise","+e",true,2,"s","se","no"
13549,"fuascailt","fuascailte","+e",true,2,"t","te","no"
13567,"fuilchill","fuilchille","+e",true,2,"l","le","no"
13581,"fuingicíd","fuingicíde","+e",true,3,"d","de","no"
13585,"fuinneog","fuinneoige","palatalized alt + e",false,2,"og","oige","no"
13587,"fuinseog","fuinseoige","palatalized alt + e",false,2,"og","oige","no"
13591,"fuip","fuipe","+e",true,1,"p","pe","no"
13599,"fuiseog","fuiseoige","palatalized alt + e",false,2,"og","oige","no"
13612,"fullairéin","fullairéine","+e",true,3,"n","ne","no"
13662,"gabhlóg","gabhlóige","palatalized alt + e",false,2,"óg","óige","no"
13691,"gailbh","gailbhe","+e",true,1,"h","he","no"
13701,"gailseach","gailsí","í",false,2,"seach","sí","yes"
13711,"gaineamhchloch","gaineamhchloiche","palatalized alt + e",false,3,"och","oiche","no"
13725,"gairbhseach","gairbhsí","í",false,2,"seach","sí","yes"
13741,"gairleog","gairleoige","palatalized alt + e",false,2,"og","oige","no"
13742,"gairm","gairme","+e",true,1,"m","me","no"
13750,"gairmscoil","gairmscoile","+e",true,2,"l","le","no"
13755,"gairnis","gairnise","+e",true,2,"s","se","no"
13781,"gal","gaile","palatalized alt + e",false,1,"al","aile","no"
13837,"gallúnach","gallúnaí","aí",false,3,"ach","aí","no"
13868,"gangaid","gangaide","+e",true,2,"d","de","no"
13874,"gannchúis","gannchúise","+e",true,2,"s","se","no"
13885,"gaois","gaoise","+e",true,1,"s","se","no"
13896,"gaoth","gaoithe","palatalized alt + e",false,1,"oth","oithe","no"
13907,"gaothuirlis","gaothuirlise","+e",true,3,"s","se","no"
13923,"garbhchríoch","garbhchríche","palatalized alt + e",false,2,"íoch","íche","no"
13931,"garbhshíon","garbhshíne","palatalized alt + e",false,2,"íon","íne","no"
13941,"gariníon","gariníne","palatalized alt + e",false,3,"íon","íne","no"
13961,"garsprioc","garsprice","palatalized alt + e",false,2,"ioc","ice","no"
13970,"gasail","gasaile","+e",true,2,"l","le","no"
13975,"gaschill","gaschille","+e",true,2,"l","le","no"
13976,"gasóg","gasóige","palatalized alt + e",false,2,"óg","óige","no"
13997,"gág","gáige","palatalized alt + e",false,1,"ág","áige","no"
14005,"gáilleog","gáilleoige","palatalized alt + e",false,2,"og","oige","no"
14010,"gáir","gáire","+e",true,1,"r","re","no"
14028,"gáróid","gáróide","+e",true,2,"d","de","no"
14052,"geabhróg","geabhróige","palatalized alt + e",false,2,"óg","óige","no"
14068,"gealach","gealaí","aí",false,2,"ach","aí","no"
14099,"gealt","geilte","palatalized alt + e",false,1,"ealt","eilte","yes"
14105,"gealtlann","gealtlainne","palatalized alt + e",false,2,"ann","ainne","no"
14130,"geanc","geince","palatalized alt + e",false,1,"eanc","eince","yes"
14141,"geansóg","geansóige","palatalized alt + e",false,2,"óg","óige","no"
14149,"gearb","geirbe","palatalized alt + e",false,1,"earb","eirbe","yes"
14155,"gearg","geirge","palatalized alt + e",false,1,"earg","eirge","yes"
14156,"geargáil","geargáile","+e",true,2,"l","le","no"
14178,"gearrchaint","gearrchainte","+e",true,2,"t","te","no"
14186,"gearrinsint","gearrinsinte","+e",true,3,"t","te","no"
14188,"gearróg","gearróige","palatalized alt + e",false,2,"óg","óige","no"
14201,"gearrthonn","gearrthoinne","palatalized alt + e",false,2,"onn","oinne","no"
14202,"gearrthóg","gearrthóige","palatalized alt + e",false,2,"óg","óige","no"
14210,"geasróg","geasróige","palatalized alt + e",false,2,"óg","óige","no"
14230,"geilignít","geiligníte","+e",true,3,"t","te","no"
14237,"geimheal","geimhle","syncope + e",false,2,"heal","hle","yes"
14243,"geir","geire","+e",true,1,"r","re","no"
14251,"geirseog","geirseoige","palatalized alt + e",false,2,"og","oige","no"
14254,"geis","geise","+e",true,1,"s","se","no"
14257,"geit","geite","+e",true,1,"t","te","no"
14278,"geoin","geoine","+e",true,1,"n","ne","no"
14301,"géag","géige","palatalized alt + e",false,1,"éag","éige","no"
14318,"géarchéim","géarchéime","+e",true,2,"m","me","no"
14320,"géarchúis","géarchúise","+e",true,2,"s","se","no"
14346,"géim","géime","+e",true,1,"m","me","no"
14348,"géimneach","géimní","í",false,2,"neach","ní","yes"
14349,"géin","géine","+e",true,1,"n","ne","no"
14353,"géinitic","géinitice","+e",true,3,"c","ce","no"
14359,"géis","géise","+e",true,1,"s","se","no"
14380,"gibiris","gibirise","+e",true,3,"s","se","no"
14403,"gimic","gimice","+e",true,2,"c","ce","no"
14406,"gimnispeirm","gimnispeirme","+e",true,3,"m","me","no"
14423,"ginid","ginide","+e",true,2,"d","de","no"
14441,"giobóg","giobóige","palatalized alt + e",false,2,"óg","óige","no"
14458,"giofóg","giofóige","palatalized alt + e",false,2,"óg","óige","no"
14462,"giolcach","giolcaí","aí",false,2,"ach","aí","no"
14510,"gipis","gipise","+e",true,2,"s","se","no"
14514,"girseach","girsí","í",false,2,"seach","sí","yes"
14515,"giuirléid","giuirléide","+e",true,2,"d","de","no"
14520,"giúis","giúise","+e",true,1,"s","se","no"
14532,"giúsach","giúsaí","aí",false,2,"ach","aí","no"
14542,"gíog","gíge","palatalized alt + e",false,1,"íog","íge","no"
14557,"glac","glaice","palatalized alt + e",false,1,"ac","aice","no"
14577,"glafarnach","glafarnaí","aí",false,3,"ach","aí","no"
14646,"glaschloch","glaschloiche","palatalized alt + e",false,2,"och","oiche","no"
14666,"glasóg","glasóige","palatalized alt + e",false,2,"óg","óige","no"
14698,"gleic","gleice","+e",true,1,"c","ce","no"
14704,"gleoiseach","gleoisí","í",false,2,"seach","sí","yes"
14723,"gléib","gléibe","+e",true,1,"b","be","no"
14736,"glib","glibe","+e",true,1,"b","be","no"
14739,"gliceapróitéin","gliceapróitéine","+e",true,4,"n","ne","no"
14767,"gliogarnach","gliogarnaí","aí",false,3,"ach","aí","no"
14777,"glioscarnach","glioscarnaí","aí",false,3,"ach","aí","no"
14794,"glocainspíl","glocainspíle","+e",true,3,"l","le","no"
14817,"glóir-réim","glóir-réime","+e",true,2,"m","me","no"
14818,"glóir","glóire","+e",true,1,"r","re","no"
14824,"glóirmhian","glóirmhéine","palatalized alt + e",false,2,"hian","héine","no"
14843,"gluais","gluaise","+e",true,1,"s","se","no"
14865,"glúin","glúine","+e",true,1,"n","ne","no"
14866,"glúin","glúine","+e",true,1,"n","ne","no"
14895,"gnáthchéim","gnáthchéime","+e",true,2,"m","me","no"
14896,"gnáthchiall","gnáthchéille","palatalized alt + e",false,2,"hiall","héille","no"
14898,"gnáthchléir","gnáthchléire","+e",true,2,"r","re","no"
14920,"gnáthghaoth","gnáthghaoithe","palatalized alt + e",false,2,"oth","oithe","no"
14931,"gnáthóg","gnáthóige","palatalized alt + e",false,2,"óg","óige","no"
14936,"gnáthscair","gnáthscaire","+e",true,2,"r","re","no"
14993,"gnúis","gnúise","+e",true,1,"s","se","no"
14996,"gnúsachtach","gnúsachtaí","aí",false,3,"ach","aí","no"
15009,"gocarsach","gocarsaí","aí",false,3,"ach","aí","no"
15023,"goic","goice","+e",true,1,"c","ce","no"
15031,"goimh","goimhe","+e",true,1,"h","he","no"
15036,"goineog","goineoige","palatalized alt + e",false,2,"og","oige","no"
15075,"gorlann","gorlainne","palatalized alt + e",false,2,"ann","ainne","no"
15087,"gormshlis","gormshlise","+e",true,2,"s","se","no"
15136,"grafaic","grafaice","+e",true,2,"c","ce","no"
15142,"grafóg","grafóige","palatalized alt + e",false,2,"óg","óige","no"
15152,"graiféim","graiféime","+e",true,2,"m","me","no"
15153,"graifít","graifíte","+e",true,2,"t","te","no"
15156,"grainc","graince","+e",true,1,"c","ce","no"
15168,"gramadach","gramadaí","aí",false,3,"ach","aí","no"
15171,"gramaisc","gramaisce","+e",true,2,"c","ce","no"
15182,"grathain","grathaine","+e",true,2,"n","ne","no"
15191,"grág","gráige","palatalized alt + e",false,1,"ág","áige","no"
15200,"gráig","gráige","+e",true,1,"g","ge","no"
15206,"gráinneog","gráinneoige","palatalized alt + e",false,2,"og","oige","no"
15208,"gráinnínít","gráinníníte","+e",true,3,"t","te","no"
15209,"gráinseach","gráinsí","í",false,2,"seach","sí","yes"
15223,"gránáid","gránáide","+e",true,2,"d","de","no"
15253,"greadóg","greadóige","palatalized alt + e",false,2,"óg","óige","no"
15258,"greallach","greallaí","aí",false,2,"ach","aí","no"
15276,"greanchloch","greanchloiche","palatalized alt + e",false,2,"och","oiche","no"
15309,"grian","gréine","palatalized alt + e",false,1,"rian","réine","no"
15318,"grianchill","grianchille","+e",true,2,"l","le","no"
15319,"grianchloch","grianchloiche","palatalized alt + e",false,2,"och","oiche","no"
15342,"grideall","gridille","palatalized + e",false,2,"deall","dille","yes"
15374,"gríl","gríle","+e",true,1,"l","le","no"
15375,"gríobh","gríbhe","palatalized alt + e",false,1,"íobh","íbhe","no"
15384,"gríosclann","gríosclainne","palatalized alt + e",false,2,"ann","ainne","no"
15417,"gruaig","gruaige","+e",true,1,"g","ge","no"
15418,"gruaim","gruaime","+e",true,1,"m","me","no"
15429,"gruig","gruige","+e",true,1,"g","ge","no"
15437,"grúdlann","grúdlainne","palatalized alt + e",false,2,"ann","ainne","no"
15447,"grúpdhinimic","grúpdhinimice","+e",true,4,"c","ce","no"
15465,"guailleog","guailleoige","palatalized alt + e",false,2,"og","oige","no"
15469,"guaim","guaime","+e",true,1,"m","me","no"
15483,"guais","guaise","+e",true,1,"s","se","no"
15491,"gualainn","gualainne","+e",true,2,"n","ne","no"
15524,"gunail","gunaile","+e",true,2,"l","le","no"
15577,"haemacrómatóis","haemacrómatóise","+e",true,5,"s","se","no"
15578,"haemaglóibin","haemaglóibine","+e",true,4,"n","ne","no"
15585,"haemastáis","haemastáise","+e",true,3,"s","se","no"
15588,"hagaois","hagaoise","+e",true,2,"s","se","no"
15597,"hailíd","hailíde","+e",true,2,"d","de","no"
15598,"hailít","hailíte","+e",true,2,"t","te","no"
15603,"hais","haise","+e",true,1,"s","se","no"
15604,"haisis","haisise","+e",true,2,"s","se","no"
15636,"hearóin","hearóine","+e",true,2,"n","ne","no"
15665,"heirméineotaic","heirméineotaice","+e",true,4,"c","ce","no"
15684,"heorastaic","heorastaice","+e",true,3,"c","ce","no"
15710,"hiasaint","hiasainte","+e",true,2,"t","te","no"
15712,"hibrid","hibride","+e",true,2,"d","de","no"
15722,"hidreaghlóthach","hidreaghlóthaí","aí",false,4,"ach","aí","no"
15728,"hidreaponaic","hidreaponaice","+e",true,4,"c","ce","no"
15737,"hidridinimic","hidridinimice","+e",true,5,"c","ce","no"
15739,"hidrigin","hidrigine","+e",true,3,"n","ne","no"
15751,"himéin","himéine","+e",true,2,"n","ne","no"
15762,"hiodrálaic","hiodrálaice","+e",true,3,"c","ce","no"
15763,"hiodrocsail","hiodrocsaile","+e",true,3,"l","le","no"
15764,"hiodrocsaíd","hiodrocsaíde","+e",true,3,"d","de","no"
15769,"hiopnóis","hiopnóise","+e",true,2,"s","se","no"
15782,"hipearbóil","hipearbóile","+e",true,3,"l","le","no"
15796,"hipitéis","hipitéise","+e",true,3,"s","se","no"
15823,"hoiméastáis","hoiméastáise","+e",true,3,"s","se","no"
15835,"homalóg","homalóige","palatalized alt + e",false,3,"óg","óige","no"
15863,"iaidíd","iaidíde","+e",true,2,"d","de","no"
15866,"iall","éille","palatalized alt + e",false,1,"l","e","no"
15870,"ialtóg","ialtóige","palatalized alt + e",false,2,"óg","óige","no"
15875,"iamhchríoch","iamhchríche","palatalized alt + e",false,2,"íoch","íche","no"
15876,"ian","éine","palatalized alt + e",false,1,"n","e","no"
15893,"iarbhunscoil","iarbhunscoile","+e",true,3,"l","le","no"
15895,"iarchéim","iarchéime","+e",true,2,"m","me","no"
15912,"iarghaois","iarghaoise","+e",true,2,"s","se","no"
15923,"iarlais","iarlaise","+e",true,2,"s","se","no"
15938,"iarmhír","iarmhíre","+e",true,2,"r","re","no"
15946,"iarnchloch","iarnchloiche","palatalized alt + e",false,2,"och","oiche","no"
15957,"iaróg","iaróige","palatalized alt + e",false,2,"óg","óige","no"
15970,"iarsmalann","iarsmalainne","palatalized alt + e",false,3,"ann","ainne","no"
15996,"iathchloch","iathchloiche","palatalized alt + e",false,2,"och","oiche","no"
16052,"idirlinn","idirlinne","+e",true,3,"n","ne","no"
16093,"ilbhliantóg","ilbhliantóige","palatalized alt + e",false,3,"óg","óige","no"
16094,"ilbhreith","ilbhreithe","+e",true,2,"h","he","no"
16106,"ilchríoch","ilchríche","palatalized alt + e",false,2,"íoch","íche","no"
16135,"ilroinnt","ilroinnte","+e",true,2,"t","te","no"
16144,"im","ime","+e",true,1,"m","me","no"
16169,"imchuairt","imchuairte","+e",true,2,"t","te","no"
16208,"imir","imire","+e",true,2,"r","re","no"
16248,"imreog","imreoige","palatalized alt + e",false,2,"og","oige","no"
16251,"imrim","imrime","+e",true,2,"m","me","no"
16287,"inchinn","inchinne","+e",true,2,"n","ne","no"
16325,"infreafhuaim","infreafhuaime","+e",true,3,"m","me","no"
16344,"inis","inse","syncope + e",true,2,"nis","nse","no"
16349,"iníon","iníne","palatalized alt + e",false,2,"íon","íne","no"
16358,"inleog","inleoige","palatalized alt + e",false,2,"og","oige","no"
16389,"innilt","innilte","+e",true,2,"t","te","no"
16401,"inscríbhinn","inscríbhinne","+e",true,3,"n","ne","no"
16415,"insint","insinte","+e",true,2,"t","te","no"
16419,"inslin","insline","+e",true,2,"n","ne","no"
16423,"inspioráid","inspioráide","+e",true,3,"d","de","no"
16430,"instinn","instinne","+e",true,2,"n","ne","no"
16431,"institiúid","institiúide","+e",true,3,"d","de","no"
16438,"intinn","intinne","+e",true,2,"n","ne","no"
16451,"iobúpróifein","iobúpróifeine","+e",true,4,"n","ne","no"
16507,"iomghaoth","iomghaoithe","palatalized alt + e",false,2,"oth","oithe","no"
16513,"iomlaoid","iomlaoide","+e",true,2,"d","de","no"
16652,"ionstraim","ionstraime","+e",true,2,"m","me","no"
16671,"iontaoibh","iontaoibhe","+e",true,2,"h","he","no"
16680,"iontróid","iontróide","+e",true,2,"d","de","no"
16691,"ioscaid","ioscaide","+e",true,2,"d","de","no"
16697,"iothlainn","iothlainne","+e",true,2,"n","ne","no"
16704,"iris","irise","+e",true,2,"s","se","no"
16715,"iseabúitil","iseabúitile","+e",true,4,"l","le","no"
16731,"isiméir","isiméire","+e",true,3,"r","re","no"
16735,"isiteirm","isiteirme","+e",true,3,"m","me","no"
16767,"íd","íde","+e",true,1,"d","de","no"
16775,"íoc","íce","palatalized alt + e",false,1,"íoc","íce","no"
16783,"íoclann","íoclainne","palatalized alt + e",false,2,"ann","ainne","no"
16815,"íoróin","íoróine","+e",true,2,"n","ne","no"
16816,"íorpais","íorpaise","+e",true,2,"s","se","no"
16823,"íoschúirt","íoschúirte","+e",true,2,"t","te","no"
16824,"íoseaglais","íoseaglaise","+e",true,3,"s","se","no"
16828,"íosmhéid","íosmhéide","+e",true,2,"d","de","no"
16866,"jeidhb","jeidhbe","+e",true,1,"b","be","no"
16867,"jib","jibe","+e",true,1,"b","be","no"
16906,"ladhar","laidhre","palatalized alt syncope + e",false,2,"adhar","aidhre","no"
16912,"ladhróg","ladhróige","palatalized alt + e",false,2,"óg","óige","no"
16930,"laghairt","laghairte","+e",true,2,"t","te","no"
16962,"laincis","laincise","+e",true,2,"s","se","no"
16978,"laitís","laitíse","+e",true,2,"s","se","no"
16986,"lampróg","lampróige","palatalized alt + e",false,2,"óg","óige","no"
16987,"landair","landaire","+e",true,2,"r","re","no"
16993,"lann","lainne","palatalized alt + e",false,1,"ann","ainne","no"
17035,"laraing","larainge","+e",true,2,"g","ge","no"
17051,"lasc","laisce","palatalized alt + e",false,1,"asc","aisce","no"
17063,"lasóg","lasóige","palatalized alt + e",false,2,"óg","óige","no"
17076,"latairít","latairíte","+e",true,3,"t","te","no"
17078,"lathach","lathaí","aí",false,2,"ach","aí","no"
17099,"láib","láibe","+e",true,1,"b","be","no"
17116,"láirig","láirige","+e",true,2,"g","ge","no"
17132,"lámh","láimhe","palatalized alt + e",false,1,"ámh","áimhe","no"
17139,"lámhainn","lámhainne","+e",true,2,"n","ne","no"
17148,"lámhcheird","lámhcheirde","+e",true,2,"d","de","no"
17166,"lámhléim","lámhléime","+e",true,2,"m","me","no"
17176,"lámhscríbhinn","lámhscríbhinne","+e",true,3,"n","ne","no"
17181,"lán-aois","lán-aoise","+e",true,1,"s","se","no"
17231,"lánúin","lánúine","+e",true,2,"n","ne","no"
17244,"lároifig","lároifige","+e",true,3,"g","ge","no"
17258,"lásóg","lásóige","palatalized alt + e",false,2,"óg","óige","no"
17276,"leabharlann","leabharlainne","palatalized alt + e",false,3,"ann","ainne","no"
17284,"leabhróg","leabhróige","palatalized alt + e",false,2,"óg","óige","no"
17287,"leac","leice","palatalized alt + e",false,1,"eac","eice","yes"
17312,"leadhb","leidhbe","palatalized alt + e",false,1,"eadhb","eidhbe","yes"
17318,"leadhbóg","leadhbóige","palatalized alt + e",false,2,"óg","óige","no"
17319,"leadóg","leadóige","palatalized alt + e",false,2,"óg","óige","no"
17336,"leaistic","leaistice","+e",true,2,"c","ce","no"
17337,"leaistiméir","leaistiméire","+e",true,3,"r","re","no"
17352,"leamhsháinn","leamhsháinne","+e",true,2,"n","ne","no"
17376,"learg","leirge","palatalized alt + e",false,1,"earg","eirge","yes"
17377,"learóg","learóige","palatalized alt + e",false,2,"óg","óige","no"
17378,"leas-ardeaglais","leas-ardeaglaise","+e",true,4,"s","se","no"
17428,"leath","leithe","palatalized alt + e",false,1,"eath","eithe","yes"
17434,"leathaghaidh","leathaghaidhe","+e",true,3,"h","he","no"
17529,"leathóg","leathóige","palatalized alt + e",false,2,"óg","óige","no"
17534,"leathphraitinn","leathphraitinne","+e",true,3,"n","ne","no"
17590,"leicneach","leicní","í",false,2,"neach","ní","yes"
17607,"leictreoid","leictreoide","+e",true,2,"d","de","no"
17611,"leictreonaic","leictreonaice","+e",true,3,"c","ce","no"
17622,"leid","leide","+e",true,1,"d","de","no"
17644,"leiptispioróis","leiptispioróise","+e",true,4,"s","se","no"
17646,"leis","leise","+e",true,1,"s","se","no"
17658,"leith","leithe","+e",true,1,"h","he","no"
17665,"leithéid","leithéide","+e",true,2,"d","de","no"
17669,"leithinis","leithinse","syncope + e",true,3,"nis","nse","no"
17671,"leithlis","leithlise","+e",true,2,"s","se","no"
17677,"leithphéist","leithphéiste","+e",true,2,"t","te","no"
17684,"leitís","leitíse","+e",true,2,"s","se","no"
17685,"leitmóitíf","leitmóitífe","+e",true,3,"f","fe","no"
17715,"léachtlann","léachtlainne","palatalized alt + e",false,2,"ann","ainne","no"
17731,"léaráid","léaráide","+e",true,2,"d","de","no"
17734,"léarscáil","léarscáile","+e",true,2,"l","le","no"
17748,"léaspairt","léaspairte","+e",true,2,"t","te","no"
17758,"léidearnach","léidearnaí","aí",false,3,"ach","aí","no"
17759,"léig","léige","+e",true,1,"g","ge","no"
17766,"léim","léime","+e",true,1,"m","me","no"
17768,"léimneach","léimní","í",false,2,"neach","ní","yes"
17773,"léinseach","léinsí","í",false,2,"seach","sí","yes"
17815,"liach","léiche","palatalized alt + e",false,1,"liach","léiche","no"
17816,"liacharnach","liacharnaí","aí",false,3,"ach","aí","no"
17821,"liag","léige","palatalized alt + e",false,1,"liag","léige","no"
17851,"liathróid","liathróide","+e",true,2,"d","de","no"
17875,"lignít","ligníte","+e",true,2,"t","te","no"
17878,"limficít","limficíte","+e",true,3,"t","te","no"
17890,"linn","linne","+e",true,1,"n","ne","no"
17895,"linntreog","linntreoige","palatalized alt + e",false,2,"og","oige","no"
17910,"liocáir","liocáire","+e",true,2,"r","re","no"
17919,"liomóg","liomóige","palatalized alt + e",false,2,"óg","óige","no"
17954,"lióg","lióige","palatalized alt + e",false,1,"óg","óige","no"
17956,"lipid","lipide","+e",true,2,"d","de","no"
17959,"liric","lirice","+e",true,2,"c","ce","no"
17996,"liúireach","liúirí","í",false,2,"reach","rí","yes"
17997,"liúit","liúite","+e",true,1,"t","te","no"
18037,"líológ","líolóige","palatalized alt + e",false,2,"óg","óige","no"
18039,"líomanáid","líomanáide","+e",true,3,"d","de","no"
18046,"líomóid","líomóide","+e",true,2,"d","de","no"
18055,"líonóil","líonóile","+e",true,2,"l","le","no"
18141,"loighic","loighce","syncope + e",true,2,"hic","hce","no"
18144,"loilíoch","loilí","í",false,2,"íoch","í","no"
18159,"loinneog","loinneoige","palatalized alt + e",false,2,"og","oige","no"
18210,"long","loinge","palatalized alt + e",false,1,"ong","oinge","no"
18224,"longlann","longlainne","palatalized alt + e",false,2,"ann","ainne","no"
18257,"losaid","losaide","+e",true,2,"d","de","no"
18258,"losainn","losainne","+e",true,2,"n","ne","no"
18266,"lotnaid","lotnaide","+e",true,2,"d","de","no"
18267,"lotnaidicíd","lotnaidicíde","+e",true,4,"d","de","no"
18288,"lóis","lóise","+e",true,1,"s","se","no"
18298,"lónroinn","lónroinne","+e",true,2,"n","ne","no"
18322,"luail","luaile","+e",true,1,"l","le","no"
18324,"luain","luaine","+e",true,1,"n","ne","no"
18369,"luasóg","luasóige","palatalized alt + e",false,2,"óg","óige","no"
18379,"luathintinn","luathintinne","+e",true,3,"n","ne","no"
18393,"lubhóg","lubhóige","palatalized alt + e",false,2,"óg","óige","no"
18395,"luch","luiche","palatalized alt + e",false,1,"uch","uiche","no"
18399,"luchóg","luchóige","palatalized alt + e",false,2,"óg","óige","no"
18407,"luchtóg","luchtóige","palatalized alt + e",false,2,"óg","óige","no"
18416,"luibh","luibhe","+e",true,1,"h","he","no"
18425,"luibhicíd","luibhicíde","+e",true,3,"d","de","no"
18430,"luid","luide","+e",true,1,"d","de","no"
18438,"luiseag","luisige","palatalized + e",false,2,"seag","sige","yes"
18459,"lúb","lúibe","palatalized alt + e",false,1,"úb","úibe","no"
18469,"lúbóg","lúbóige","palatalized alt + e",false,2,"óg","óige","no"
18472,"lúcháir","lúcháire","+e",true,2,"r","re","no"
18473,"lúdrach","lúdraí","aí",false,2,"ach","aí","no"
18482,"lúireach","lúirí","í",false,2,"reach","rí","yes"
18483,"lúitéis","lúitéise","+e",true,2,"s","se","no"
18509,"mabóg","mabóige","palatalized alt + e",false,2,"óg","óige","no"
18566,"maicis","maicise","+e",true,2,"s","se","no"
18574,"maidhm","maidhme","+e",true,1,"m","me","no"
18578,"maidin","maidine","+e",true,2,"n","ne","no"
18582,"maig","maige","+e",true,1,"g","ge","no"
18583,"maighdean","maighdine","palatalized + e",false,2,"dean","dine","yes"
18585,"maighdeog","maighdeoige","palatalized alt + e",false,2,"og","oige","no"
18595,"maighnéidít","maighnéidíte","+e",true,3,"t","te","no"
18602,"maignéis","maignéise","+e",true,2,"s","se","no"
18604,"mailís","mailíse","+e",true,2,"s","se","no"
18606,"mailp","mailpe","+e",true,1,"p","pe","no"
18610,"maingléis","maingléise","+e",true,2,"s","se","no"
18626,"maintín","maintíne","+e",true,2,"n","ne","no"
18636,"mairg","mairge","+e",true,1,"g","ge","no"
18638,"mairgneach","mairgní","í",false,2,"neach","ní","yes"
18650,"mais","maise","+e",true,1,"s","se","no"
18673,"maith","maithe","+e",true,1,"h","he","no"
18685,"malairt","malairte","+e",true,2,"t","te","no"
18721,"mam","maime","palatalized alt + e",false,1,"am","aime","no"
18738,"mandáid","mandáide","+e",true,2,"d","de","no"
18766,"maoil","maoile","+e",true,1,"l","le","no"
18767,"maoildearg","maoildeirge","palatalized alt + e",false,2,"earg","eirge","yes"
18770,"maoin","maoine","+e",true,1,"n","ne","no"
18814,"maonáis","maonáise","+e",true,2,"s","se","no"
18827,"maothal","maothaile","palatalized alt + e",false,2,"al","aile","no"
18849,"maranáid","maranáide","+e",true,3,"d","de","no"
18867,"marbhfháisc","marbhfháisce","+e",true,2,"c","ce","no"
18871,"marbhlann","marbhlainne","palatalized alt + e",false,2,"ann","ainne","no"
18881,"marbhsháinn","marbhsháinne","+e",true,2,"n","ne","no"
18921,"marglann","marglainne","palatalized alt + e",false,2,"ann","ainne","no"
18926,"marmaláid","marmaláide","+e",true,3,"d","de","no"
18929,"maróg","maróige","palatalized alt + e",false,2,"óg","óige","no"
18972,"matamaitic","matamaitice","+e",true,4,"c","ce","no"
18982,"máchail","máchaile","+e",true,2,"l","le","no"
19011,"máistirthéip","máistirthéipe","+e",true,3,"p","pe","no"
19014,"máithreach","máithrí","í",false,2,"reach","rí","yes"
19048,"máthairthír","máthairthíre","+e",true,3,"r","re","no"
19069,"meadar","meidre","palatalized alt syncope + e",false,2,"eadar","eidre","no"
19082,"meaig","meaige","+e",true,1,"g","ge","no"
19096,"mealbhóg","mealbhóige","palatalized alt + e",false,2,"óg","óige","no"
19108,"meamhlach","meamhlaí","aí",false,2,"ach","aí","no"
19111,"meamraiméis","meamraiméise","+e",true,3,"s","se","no"
19116,"meancóg","meancóige","palatalized alt + e",false,2,"óg","óige","no"
19119,"meang","meinge","palatalized alt + e",false,1,"eang","einge","yes"
19151,"mearóg","mearóige","palatalized alt + e",false,2,"óg","óige","no"
19231,"meánaois","meánaoise","+e",true,2,"s","se","no"
19249,"meánlann","meánlainne","palatalized alt + e",false,2,"ann","ainne","no"
19262,"meánscoil","meánscoile","+e",true,2,"l","le","no"
19272,"meántonn","meántoinne","palatalized alt + e",false,2,"onn","oinne","no"
19278,"meicnic","meicnice","+e",true,2,"c","ce","no"
19283,"meidhir","meidhre","syncope + e",true,2,"hir","hre","no"
19285,"meidhréis","meidhréise","+e",true,2,"s","se","no"
19293,"meigeallach","meigeallaí","aí",false,3,"ach","aí","no"
19319,"meilt","meilte","+e",true,1,"t","te","no"
19329,"meirdreach","meirdrí","í",false,2,"reach","rí","yes"
19333,"meirg","meirge","+e",true,1,"g","ge","no"
19360,"meiteamorfóis","meiteamorfóise","+e",true,4,"s","se","no"
19369,"meitheal","meithle","syncope + e",false,2,"heal","hle","yes"
19375,"meitifisic","meitifisice","+e",true,4,"c","ce","no"
19378,"meitilbeinséin","meitilbeinséine","+e",true,4,"n","ne","no"
19402,"méanfach","méanfaí","aí",false,2,"ach","aí","no"
19403,"méar","méire","palatalized alt + e",false,1,"éar","éire","no"
19414,"méaróg","méaróige","palatalized alt + e",false,2,"óg","óige","no"
19424,"méid","méide","+e",true,1,"d","de","no"
19431,"méileach","méilí","í",false,2,"leach","lí","yes"
19434,"méin","méine","+e",true,1,"n","ne","no"
19465,"mian","méine","palatalized alt + e",false,1,"mian","méine","no"
19478,"mias","méise","palatalized alt + e",false,1,"mias","méise","no"
19488,"micreafoirm","micreafoirme","+e",true,3,"m","me","no"
19491,"micreaghnáthóg","micreaghnáthóige","palatalized alt + e",false,4,"óg","óige","no"
19493,"micreaghrúdlann","micreaghrúdlainne","palatalized alt + e",false,4,"ann","ainne","no"
19505,"micreathonn","micreathoinne","palatalized alt + e",false,3,"onn","oinne","no"
19516,"micrifís","micrifíse","+e",true,3,"s","se","no"
19521,"micrishlis","micrishlise","+e",true,3,"s","se","no"
19532,"mill","mille","+e",true,1,"l","le","no"
19557,"milseog","milseoige","palatalized alt + e",false,2,"og","oige","no"
19563,"min","mine","+e",true,1,"n","ne","no"
19564,"minc","mince","+e",true,1,"c","ce","no"
19576,"minseach","minsí","í",false,2,"seach","sí","yes"
19579,"miocraeráid","miocraeráide","+e",true,3,"d","de","no"
19584,"miocsómatóis","miocsómatóise","+e",true,4,"s","se","no"
19590,"miodóg","miodóige","palatalized alt + e",false,2,"óg","óige","no"
19622,"mionbhuíon","mionbhuíne","íne",false,2,"íon","íne","no"
19626,"mionchaint","mionchainte","+e",true,2,"t","te","no"
19699,"mionnscríbhinn","mionnscríbhinne","+e",true,3,"n","ne","no"
19707,"mionpháirt","mionpháirte","+e",true,2,"t","te","no"
19716,"mionrabh","mionraibhe","palatalized alt + e",false,2,"abh","aibhe","no"
19742,"mionsraith","mionsraithe","+e",true,2,"h","he","no"
19755,"miontuairisc","miontuairisce","+e",true,3,"c","ce","no"
19763,"mioscais","mioscaise","+e",true,2,"s","se","no"
19781,"miotóg","miotóige","palatalized alt + e",false,2,"óg","óige","no"
19806,"mistéir","mistéire","+e",true,2,"r","re","no"
19811,"miúil","miúile","+e",true,1,"l","le","no"
19831,"mí-úsáid","mí-úsáide","+e",true,2,"d","de","no"
19846,"míceatocsain","míceatocsaine","+e",true,4,"n","ne","no"
19860,"míchiall","míchéille","palatalized alt + e",false,2,"hiall","héille","no"
19936,"mígréin","mígréine","+e",true,2,"n","ne","no"
19938,"mílaois","mílaoise","+e",true,2,"s","se","no"
19999,"míntír","míntíre","+e",true,2,"r","re","no"
20011,"míogarnach","míogarnaí","aí",false,3,"ach","aí","no"
20030,"míoltóg","míoltóige","palatalized alt + e",false,2,"óg","óige","no"
20035,"míorúilt","míorúilte","+e",true,2,"t","te","no"
20043,"mír","míre","+e",true,1,"r","re","no"
20051,"míréir","míréire","+e",true,2,"r","re","no"
20065,"mísc","mísce","+e",true,1,"c","ce","no"
20126,"modhfheirm","modhfheirme","+e",true,2,"m","me","no"
20144,"moill","moille","+e",true,1,"l","le","no"
20152,"moing","moinge","+e",true,1,"g","ge","no"
20157,"moirféim","moirféime","+e",true,2,"m","me","no"
20161,"moirt","moirte","+e",true,1,"t","te","no"
20166,"moirtís","moirtíse","+e",true,2,"s","se","no"
20197,"monaicít","monaicíte","+e",true,3,"t","te","no"
20201,"monailit","monailite","+e",true,3,"t","te","no"
20205,"monalóg","monalóige","palatalized alt + e",false,3,"óg","óige","no"
20288,"móid","móide","+e",true,1,"d","de","no"
20298,"móimint","móiminte","+e",true,2,"t","te","no"
20308,"móipéid","móipéide","+e",true,2,"d","de","no"
20310,"móiréis","móiréise","+e",true,2,"s","se","no"
20311,"móitíf","móitífe","+e",true,2,"f","fe","no"
20316,"mónóg","mónóige","palatalized alt + e",false,2,"óg","óige","no"
20319,"mór-roinn","mór-roinne","+e",true,1,"n","ne","no"
20340,"mórchríoch","mórchríche","palatalized alt + e",false,2,"íoch","íche","no"
20344,"mórchúis","mórchúise","+e",true,2,"s","se","no"
20378,"mórshráid","mórshráide","+e",true,2,"d","de","no"
20385,"mórthír","mórthíre","+e",true,2,"r","re","no"
20387,"mósáic","mósáice","+e",true,2,"c","ce","no"
20396,"mótarfheithicil","mótarfheithicle","syncope + e",true,5,"cil","cle","no"
20407,"muc","muice","palatalized alt + e",false,1,"uc","uice","no"
20412,"mucais","mucaise","+e",true,2,"s","se","no"
20441,"muin","muine","+e",true,1,"n","ne","no"
20453,"muinín","muiníne","+e",true,2,"n","ne","no"
20456,"muintir","muintire","+e",true,2,"r","re","no"
20494,"muirnéis","muirnéise","+e",true,2,"s","se","no"
20499,"muiscít","muiscíte","+e",true,2,"t","te","no"
20521,"mungailt","mungailte","+e",true,2,"t","te","no"
20524,"murascaill","murascaille","+e",true,3,"l","le","no"
20534,"murúch","murúiche","palatalized alt + e",false,2,"úch","úiche","no"
20553,"mustairt","mustairte","+e",true,2,"t","te","no"
20562,"múch","múiche","palatalized alt + e",false,1,"úch","úiche","no"
20568,"múchlann","múchlainne","palatalized alt + e",false,2,"ann","ainne","no"
20582,"múirling","múirlinge","+e",true,2,"g","ge","no"
20584,"múisc","múisce","+e",true,1,"c","ce","no"
20609,"múrealaín","múrealaíne","+e",true,3,"n","ne","no"
20613,"múscailt","múscailte","+e",true,2,"t","te","no"
20621,"mútóg","mútóige","palatalized alt + e",false,2,"óg","óige","no"
20640,"naíolann","naíolainne","palatalized alt + e",false,2,"ann","ainne","no"
20646,"naíscoil","naíscoile","+e",true,2,"l","le","no"
20658,"naomhaithis","naomhaithise","+e",true,3,"s","se","no"
20663,"naomhóg","naomhóige","palatalized alt + e",false,2,"óg","óige","no"
20669,"naoscach","naoscaí","aí",false,2,"ach","aí","no"
20676,"napailm","napailme","+e",true,2,"m","me","no"
20702,"náid","náide","+e",true,1,"d","de","no"
20718,"neachtlann","neachtlainne","palatalized alt + e",false,2,"ann","ainne","no"
20720,"nead","neide","palatalized alt + e",false,1,"ead","eide","yes"
20746,"neamh","neimhe","palatalized alt + e",false,1,"eamh","eimhe","yes"
20748,"neamhaird","neamhairde","+e",true,2,"d","de","no"
20819,"neamhfheidhm","neamhfheidhme","+e",true,2,"m","me","no"
20867,"neamhréir","neamhréire","+e",true,2,"r","re","no"
20881,"neamhshuim","neamhshuime","+e",true,2,"m","me","no"
20904,"neantóg","neantóige","palatalized alt + e",false,2,"óg","óige","no"
20915,"neascóid","neascóide","+e",true,2,"d","de","no"
20933,"neifrít","neifríte","+e",true,2,"t","te","no"
20938,"neirbhís","neirbhíse","+e",true,2,"s","se","no"
20939,"neocoirtéis","neocoirtéise","+e",true,3,"s","se","no"
20956,"néalfartach","néalfartaí","aí",false,3,"ach","aí","no"
20978,"néaróg","néaróige","palatalized alt + e",false,2,"óg","óige","no"
20979,"néaróis","néaróise","+e",true,2,"s","se","no"
20993,"niaicin","niaicine","+e",true,2,"n","ne","no"
20997,"niamh","néimhe","palatalized alt + e",false,1,"niamh","néimhe","no"
20998,"niamhchloch","niamhchloiche","palatalized alt + e",false,2,"och","oiche","no"
21003,"nicil","nicile","+e",true,2,"l","le","no"
21005,"nideog","nideoige","palatalized alt + e",false,2,"og","oige","no"
21012,"nimfeach","nimfí","í",false,2,"feach","fí","yes"
21013,"nimh","nimhe","+e",true,1,"h","he","no"
21019,"nimhíoc","nimhíce","palatalized alt + e",false,2,"íoc","íce","no"
21039,"níotráit","níotráite","+e",true,2,"t","te","no"
21046,"nítrigin","nítrigine","+e",true,3,"n","ne","no"
21066,"noitmig","noitmige","+e",true,2,"g","ge","no"
21150,"núis","núise","+e",true,1,"s","se","no"
21156,"obair","oibre","palatalized alt syncope + e",true,2,"obair","oibre","no"
21157,"obrádlann","obrádlainne","palatalized alt + e",false,3,"ann","ainne","no"
21158,"obráid","obráide","+e",true,2,"d","de","no"
21190,"ocsaigin","ocsaigine","+e",true,3,"n","ne","no"
21193,"ocsaíd","ocsaíde","+e",true,2,"d","de","no"
21221,"oibleagáid","oibleagáide","+e",true,3,"d","de","no"
21224,"oibreann","oibrinne","palatalized + e",false,2,"reann","rinne","yes"
21249,"oifig","oifige","+e",true,2,"g","ge","no"
21286,"oilbhéim","oilbhéime","+e",true,2,"m","me","no"
21318,"oirchill","oirchille","+e",true,2,"l","le","no"
21391,"olaphéint","olaphéinte","+e",true,3,"t","te","no"
21426,"ollphéist","ollphéiste","+e",true,2,"t","te","no"
21429,"ollscoil","ollscoile","+e",true,2,"l","le","no"
21433,"ollstailc","ollstailce","+e",true,2,"c","ce","no"
21445,"ológ","olóige","palatalized alt + e",false,2,"óg","óige","no"
21453,"onfais","onfaise","+e",true,2,"s","se","no"
21464,"optaic","optaice","+e",true,2,"c","ce","no"
21484,"ordóg","ordóige","palatalized alt + e",false,2,"óg","óige","no"
21502,"ornáid","ornáide","+e",true,2,"d","de","no"
21510,"ortaipéidic","ortaipéidice","+e",true,4,"c","ce","no"
21521,"oscailt","oscailte","+e",true,2,"t","te","no"
21532,"ospís","ospíse","+e",true,2,"s","se","no"
21538,"ostrais","ostraise","+e",true,2,"s","se","no"
21544,"otharlann","otharlainne","palatalized alt + e",false,3,"ann","ainne","no"
21552,"otrann","otrainne","palatalized alt + e",false,2,"ann","ainne","no"
21558,"ócáid","ócáide","+e",true,2,"d","de","no"
21570,"ógh","óighe","palatalized alt + e",false,1,"ógh","óighe","no"
21577,"óid","óide","+e",true,1,"d","de","no"
21582,"óinmhid","óinmhide","+e",true,2,"d","de","no"
21584,"óinseach","óinsí","í",false,2,"seach","sí","yes"
21603,"óráid","óráide","+e",true,2,"d","de","no"
21625,"ósais","ósaise","+e",true,2,"s","se","no"
21626,"óspairt","óspairte","+e",true,2,"t","te","no"
21632,"óstchill","óstchille","+e",true,2,"l","le","no"
21633,"óstlann","óstlainne","palatalized alt + e",false,2,"ann","ainne","no"
21661,"paidhc","paidhce","+e",true,1,"c","ce","no"
21665,"paidir","paidre","syncope + e",true,2,"dir","dre","no"
21679,"pailin","pailine","+e",true,2,"n","ne","no"
21681,"pailis","pailise","+e",true,2,"s","se","no"
21685,"pailm","pailme","+e",true,1,"m","me","no"
21703,"paintíl","paintíle","+e",true,2,"l","le","no"
21712,"pairilis","pairilise","+e",true,3,"s","se","no"
21725,"paistil","paistile","+e",true,2,"l","le","no"
21733,"paiteog","paiteoige","palatalized alt + e",false,2,"og","oige","no"
21737,"paitinn","paitinne","+e",true,2,"n","ne","no"
21752,"paltóg","paltóige","palatalized alt + e",false,2,"óg","óige","no"
21762,"pancóg","pancóige","palatalized alt + e",false,2,"óg","óige","no"
21769,"pantaimím","pantaimíme","+e",true,3,"m","me","no"
21772,"pantrach","pantraí","aí",false,2,"ach","aí","no"
21787,"paraidím","paraidíme","+e",true,3,"m","me","no"
21799,"paraisít","paraisíte","+e",true,3,"t","te","no"
21811,"paráid","paráide","+e",true,2,"d","de","no"
21812,"pardóg","pardóige","palatalized alt + e",false,2,"óg","óige","no"
21814,"parlaimint","parlaiminte","+e",true,3,"t","te","no"
21842,"pataigin","pataigine","+e",true,3,"n","ne","no"
21846,"patraisc","patraisce","+e",true,2,"c","ce","no"
21861,"páil","páile","+e",true,1,"l","le","no"
21869,"páirc","páirce","+e",true,1,"c","ce","no"
21874,"páirt","páirte","+e",true,1,"t","te","no"
21891,"páis","páise","+e",true,1,"s","se","no"
21892,"páiseog","páiseoige","palatalized alt + e",false,2,"og","oige","no"
21923,"peannaid","peannaide","+e",true,2,"d","de","no"
21936,"pearóid","pearóide","+e",true,2,"d","de","no"
21947,"peasair","peasaire","+e",true,2,"r","re","no"
21955,"peic","peice","+e",true,1,"c","ce","no"
21959,"peictin","peictine","+e",true,2,"n","ne","no"
21966,"peig","peige","+e",true,1,"g","ge","no"
21967,"peil","peile","+e",true,1,"l","le","no"
21976,"peinicillin","peinicilline","+e",true,4,"n","ne","no"
21980,"peipsin","peipsine","+e",true,2,"n","ne","no"
21982,"peiptíd","peiptíde","+e",true,2,"d","de","no"
21984,"peircintíl","peircintíle","+e",true,3,"l","le","no"
22005,"peiriúic","peiriúice","+e",true,2,"c","ce","no"
22006,"peirsil","peirsile","+e",true,2,"l","le","no"
22025,"péacóg","péacóige","palatalized alt + e",false,2,"óg","óige","no"
22043,"péint","péinte","+e",true,1,"t","te","no"
22053,"péist","péiste","+e",true,1,"t","te","no"
22060,"péitseog","péitseoige","palatalized alt + e",false,2,"og","oige","no"
22064,"pian","péine","palatalized alt + e",false,1,"pian","péine","no"
22077,"pianpháis","pianpháise","+e",true,2,"s","se","no"
22079,"pianseirbhís","pianseirbhíse","+e",true,3,"s","se","no"
22088,"piardóg","piardóige","palatalized alt + e",false,2,"óg","óige","no"
22094,"pic","pice","+e",true,1,"c","ce","no"
22101,"picnic","picnice","+e",true,2,"c","ce","no"
22109,"pictiúrlann","pictiúrlainne","palatalized alt + e",false,3,"ann","ainne","no"
22116,"piléarlann","piléarlainne","palatalized alt + e",false,3,"ann","ainne","no"
22129,"pingin","pingine","+e",true,2,"n","ne","no"
22151,"piocóid","piocóide","+e",true,2,"d","de","no"
22162,"piolóid","piolóide","+e",true,2,"d","de","no"
22168,"piongain","piongaine","+e",true,2,"n","ne","no"
22184,"piorróg","piorróige","palatalized alt + e",false,2,"óg","óige","no"
22195,"pióg","pióige","palatalized alt + e",false,1,"óg","óige","no"
22207,"piréis","piréise","+e",true,2,"s","se","no"
22212,"pirimid","pirimide","+e",true,3,"d","de","no"
22217,"pis","pise","+e",true,1,"s","se","no"
22222,"piseog","piseoige","palatalized alt + e",false,2,"og","oige","no"
22225,"pistil","pistile","+e",true,2,"l","le","no"
22226,"pit","pite","+e",true,1,"t","te","no"
22229,"piteog","piteoige","palatalized alt + e",false,2,"og","oige","no"
22237,"píb","píbe","+e",true,1,"b","be","no"
22239,"píbobair","píboibre","palatalized alt syncope + e",true,3,"obair","oibre","no"
22252,"píobarnach","píobarnaí","aí",false,3,"ach","aí","no"
22280,"placaint","placainte","+e",true,2,"t","te","no"
22286,"plaic","plaice","+e",true,1,"c","ce","no"
22292,"plait","plaite","+e",true,1,"t","te","no"
22302,"plandlann","plandlainne","palatalized alt + e",false,2,"ann","ainne","no"
22348,"plásóg","plásóige","palatalized alt + e",false,2,"óg","óige","no"
22363,"pleist","pleiste","+e",true,1,"t","te","no"
22373,"pléasc","pléisce","palatalized alt + e",false,1,"éasc","éisce","no"
22381,"pléascóg","pléascóige","palatalized alt + e",false,2,"óg","óige","no"
22385,"plécháipéis","plécháipéise","+e",true,3,"s","se","no"
22394,"plimp","plimpe","+e",true,1,"p","pe","no"
22405,"plobarnach","plobarnaí","aí",false,3,"ach","aí","no"
22409,"plocóid","plocóide","+e",true,2,"d","de","no"
22417,"pluais","pluaise","+e",true,1,"s","se","no"
22436,"pluid","pluide","+e",true,1,"d","de","no"
22442,"pluis","pluise","+e",true,1,"s","se","no"
22464,"pobalbhreith","pobalbhreithe","+e",true,3,"h","he","no"
22465,"pobalscoil","pobalscoile","+e",true,3,"l","le","no"
22479,"pocléimneach","pocléimní","í",false,3,"neach","ní","yes"
22487,"poibleog","poibleoige","palatalized alt + e",false,2,"og","oige","no"
22494,"poileitiléin","poileitiléine","+e",true,4,"n","ne","no"
22496,"poimp","poimpe","+e",true,1,"p","pe","no"
22497,"poimpéis","poimpéise","+e",true,2,"s","se","no"
22524,"polaiméaráis","polaiméaráise","+e",true,4,"s","se","no"
22525,"polaiméir","polaiméire","+e",true,3,"r","re","no"
22534,"polaitéin","polaitéine","+e",true,3,"n","ne","no"
22537,"polaivinil","polaivinile","+e",true,4,"l","le","no"
22540,"polanáis","polanáise","+e",true,3,"s","se","no"
22545,"polapróipiléin","polapróipiléine","+e",true,5,"n","ne","no"
22568,"pollóg","pollóige","palatalized alt + e",false,2,"óg","óige","no"
22574,"pomagránait","pomagránaite","+e",true,4,"t","te","no"
22605,"portráid","portráide","+e",true,2,"d","de","no"
22621,"postaláid","postaláide","+e",true,3,"d","de","no"
22627,"postroinnt","postroinnte","+e",true,2,"t","te","no"
22634,"potais","potaise","+e",true,2,"s","se","no"
22638,"pothrais","pothraise","+e",true,2,"s","se","no"
22643,"póg","póige","palatalized alt + e",false,1,"óg","óige","no"
22650,"póir","póire","+e",true,1,"r","re","no"
22654,"póirseáid","póirseáide","+e",true,2,"d","de","no"
22658,"póit","póite","+e",true,1,"t","te","no"
22689,"prabhait","prabhaite","+e",true,2,"t","te","no"
22699,"praghaschoimhlint","praghaschoimhlinte","+e",true,4,"t","te","no"
22707,"praiseach","praisí","í",false,2,"seach","sí","yes"
22714,"praitinn","praitinne","+e",true,2,"n","ne","no"
22729,"práinn","práinne","+e",true,1,"n","ne","no"
22741,"prásóg","prásóige","palatalized alt + e",false,2,"óg","óige","no"
22743,"preab","preibe","palatalized alt + e",false,1,"eab","eibe","yes"
22747,"preabarnach","preabarnaí","aí",false,3,"ach","aí","no"
22757,"preafáid","preafáide","+e",true,2,"d","de","no"
22758,"prealáid","prealáide","+e",true,2,"d","de","no"
22767,"preasoifig","preasoifige","+e",true,3,"g","ge","no"
22769,"preasócáid","preasócáide","+e",true,3,"d","de","no"
22775,"preiceall","preicille","palatalized + e",false,2,"ceall","cille","yes"
22781,"préimh","préimhe","+e",true,1,"h","he","no"
22785,"pribhléid","pribhléide","+e",true,2,"d","de","no"
22831,"príobháid","príobháide","+e",true,2,"d","de","no"
22881,"príomhpháirt","príomhpháirte","+e",true,2,"t","te","no"
22886,"príomhroinn","príomhroinne","+e",true,2,"n","ne","no"
22891,"príomhshráid","príomhshráide","+e",true,2,"d","de","no"
22907,"probháid","probháide","+e",true,2,"d","de","no"
22911,"prochóg","prochóige","palatalized alt + e",false,2,"óg","óige","no"
22915,"prognóis","prognóise","+e",true,2,"s","se","no"
22918,"proifid","proifide","+e",true,2,"d","de","no"
22925,"proinn","proinne","+e",true,1,"n","ne","no"
22931,"promanáid","promanáide","+e",true,3,"d","de","no"
22947,"prosóid","prosóide","+e",true,2,"d","de","no"
22948,"prostaglaindin","prostaglaindine","+e",true,4,"n","ne","no"
22959,"próifíl","próifíle","+e",true,2,"l","le","no"
22963,"próis","próise","+e",true,1,"s","se","no"
22971,"próistéis","próistéise","+e",true,2,"s","se","no"
22973,"próitéáis","próitéáise","+e",true,2,"s","se","no"
22974,"próitéin","próitéine","+e",true,2,"n","ne","no"
23008,"puchóid","puchóide","+e",true,2,"d","de","no"
23013,"puilpid","puilpide","+e",true,2,"d","de","no"
23042,"punann","punainne","palatalized alt + e",false,2,"ann","ainne","no"
23059,"purgóid","purgóide","+e",true,2,"d","de","no"
23072,"puth","puithe","palatalized alt + e",false,1,"uth","uithe","no"
23076,"putóg","putóige","palatalized alt + e",false,2,"óg","óige","no"
23090,"púic","púice","+e",true,1,"c","ce","no"
23093,"púir","púire","+e",true,1,"r","re","no"
23103,"púróg","púróige","palatalized alt + e",false,2,"óg","óige","no"
23123,"rabhlóg","rabhlóige","palatalized alt + e",false,2,"óg","óige","no"
23175,"radathonn","radathoinne","palatalized alt + e",false,3,"onn","oinne","no"
23196,"ragobair","ragoibre","palatalized alt syncope + e",true,3,"obair","oibre","no"
23203,"raic","raice","+e",true,1,"c","ce","no"
23211,"raideog","raideoige","palatalized alt + e",false,2,"og","oige","no"
23220,"raidis","raidise","+e",true,2,"s","se","no"
23233,"raiméis","raiméise","+e",true,2,"s","se","no"
23241,"raingléis","raingléise","+e",true,2,"s","se","no"
23253,"raithneach","raithní","í",false,2,"neach","ní","yes"
23288,"rannann","rannainne","palatalized alt + e",false,2,"ann","ainne","no"
23292,"rannóg","rannóige","palatalized alt + e",false,2,"óg","óige","no"
23294,"rannpháirt","rannpháirte","+e",true,2,"t","te","no"
23317,"rapsóid","rapsóide","+e",true,2,"d","de","no"
23344,"ráchairt","ráchairte","+e",true,2,"t","te","no"
23350,"ráib","ráibe","+e",true,1,"b","be","no"
23353,"ráig","ráige","+e",true,1,"g","ge","no"
23373,"rálóg","rálóige","palatalized alt + e",false,2,"óg","óige","no"
23376,"rámhainn","rámhainne","+e",true,2,"n","ne","no"
23379,"rámhlong","rámhloinge","palatalized alt + e",false,2,"ong","oinge","no"
23437,"reilig","reilige","+e",true,2,"g","ge","no"
23442,"reiptíl","reiptíle","+e",true,2,"l","le","no"
23443,"reisimint","reisiminte","+e",true,3,"t","te","no"
23452,"reitric","reitrice","+e",true,2,"c","ce","no"
23457,"reodóg","reodóige","palatalized alt + e",false,2,"óg","óige","no"
23460,"reoiteog","reoiteoige","palatalized alt + e",false,2,"og","oige","no"
23478,"réabhlóid","réabhlóide","+e",true,2,"d","de","no"
23480,"réablach","réablaí","aí",false,2,"ach","aí","no"
23486,"réadlann","réadlainne","palatalized alt + e",false,2,"ann","ainne","no"
23488,"réadmhaoin","réadmhaoine","+e",true,2,"n","ne","no"
23508,"réaltbhuíon","réaltbhuíne","íne",false,2,"íon","íne","no"
23517,"réaltóg","réaltóige","palatalized alt + e",false,2,"óg","óige","no"
23534,"réamhaisnéis","réamhaisnéise","+e",true,3,"s","se","no"
23583,"réamhscoil","réamhscoile","+e",true,2,"l","le","no"
23588,"réamhstair","réamhstaire","+e",true,2,"r","re","no"
23623,"réim","réime","+e",true,1,"m","me","no"
23627,"réimír","réimíre","+e",true,2,"r","re","no"
23635,"réir","réire","+e",true,1,"r","re","no"
23637,"réisím","réisíme","+e",true,2,"m","me","no"
23654,"riabh","réibhe","palatalized alt + e",false,1,"riabh","réibhe","no"
23656,"riabhóg","riabhóige","palatalized alt + e",false,2,"óg","óige","no"
23690,"rianliathróid","rianliathróide","+e",true,3,"d","de","no"
23739,"rilíf","rilífe","+e",true,2,"f","fe","no"
23743,"rinc","rince","+e",true,1,"c","ce","no"
23755,"rinn","rinne","+e",true,1,"n","ne","no"
23780,"rithim","rithime","+e",true,2,"m","me","no"
23796,"ríl","ríle","+e",true,1,"l","le","no"
23798,"rím","ríme","+e",true,1,"m","me","no"
23807,"ríog","ríge","palatalized alt + e",false,1,"íog","íge","no"
23820,"ríomhiris","ríomhirise","+e",true,3,"s","se","no"
23832,"rís","ríse","+e",true,1,"s","se","no"
23835,"ríshlat","ríshlaite","palatalized alt + e",false,2,"at","aite","no"
23873,"roillic","roillice","+e",true,2,"c","ce","no"
23875,"roinn","roinne","+e",true,1,"n","ne","no"
23878,"roinnt","roinnte","+e",true,1,"t","te","no"
23880,"rointgin","rointgine","+e",true,2,"n","ne","no"
23881,"rois","roise","+e",true,1,"s","se","no"
23899,"rollóg","rollóige","palatalized alt + e",false,2,"óg","óige","no"
23921,"rosaid","rosaide","+e",true,2,"d","de","no"
24012,"rósóg","rósóige","palatalized alt + e",false,2,"óg","óige","no"
24035,"ruachtach","ruachtaí","aí",false,2,"ach","aí","no"
24040,"ruaig","ruaige","+e",true,1,"g","ge","no"
24045,"ruaim","ruaime","+e",true,1,"m","me","no"
24051,"ruainneach","ruainní","í",false,2,"neach","ní","yes"
24088,"ruibh","ruibhe","+e",true,1,"h","he","no"
24097,"ruipleog","ruipleoige","palatalized alt + e",false,2,"og","oige","no"
24105,"ruíleas","ruílse","syncope + e",false,2,"leas","lse","yes"
24117,"ruóg","ruóige","palatalized alt + e",false,1,"óg","óige","no"
24130,"rúibric","rúibrice","+e",true,2,"c","ce","no"
24131,"rúid","rúide","+e",true,1,"d","de","no"
24135,"rúiléid","rúiléide","+e",true,2,"d","de","no"
24137,"rúisc","rúisce","+e",true,1,"c","ce","no"
24157,"rúnscríbhinn","rúnscríbhinne","+e",true,3,"n","ne","no"
24187,"sabóid","sabóide","+e",true,2,"d","de","no"
24197,"sacrailéid","sacrailéide","+e",true,3,"d","de","no"
24198,"sacraimint","sacraiminte","+e",true,3,"t","te","no"
24209,"sadhlann","sadhlainne","palatalized alt + e",false,2,"ann","ainne","no"
24230,"saifír","saifíre","+e",true,2,"r","re","no"
24236,"saighead","saighde","syncope + e",false,2,"head","hde","yes"
24237,"saighean","saighne","syncope + e",false,2,"hean","hne","yes"
24242,"sail","saile","+e",true,1,"l","le","no"
24245,"sailchearnach","sailchearnaí","aí",false,3,"ach","aí","no"
24246,"sailchuach","sailchuaiche","palatalized alt + e",false,2,"ach","aiche","no"
24247,"saileach","sailí","í",false,2,"leach","lí","yes"
24258,"saill","saille","+e",true,1,"l","le","no"
24276,"sainchiall","sainchéille","palatalized alt + e",false,2,"hiall","héille","no"
24311,"saint","sainte","+e",true,1,"t","te","no"
24315,"saintréith","saintréithe","+e",true,2,"h","he","no"
24316,"saintuairisc","saintuairisce","+e",true,3,"c","ce","no"
24322,"sais","saise","+e",true,1,"s","se","no"
24345,"salmchruit","salmchruite","+e",true,2,"t","te","no"
24373,"samhlaoid","samhlaoide","+e",true,2,"d","de","no"
24393,"sann","sainne","palatalized alt + e",false,1,"ann","ainne","no"
24419,"saoisteog","saoisteoige","palatalized alt + e",false,2,"og","oige","no"
24435,"saoráid","saoráide","+e",true,2,"d","de","no"
24451,"saorfhréamh","saorfhréimhe","palatalized alt + e",false,2,"éamh","éimhe","no"
24465,"saorsheilbh","saorsheilbhe","+e",true,2,"h","he","no"
24480,"saotharlann","saotharlainne","palatalized alt + e",false,3,"ann","ainne","no"
24485,"saothróg","saothróige","palatalized alt + e",false,2,"óg","óige","no"
24490,"sapainít","sapainíte","+e",true,3,"t","te","no"
24501,"saranáid","saranáide","+e",true,3,"d","de","no"
24514,"satailít","satailíte","+e",true,3,"t","te","no"
24515,"satailt","satailte","+e",true,2,"t","te","no"
24538,"sáfach","sáfaí","aí",false,2,"ach","aí","no"
24544,"sáil","sáile","+e",true,1,"l","le","no"
24553,"sáinn","sáinne","+e",true,1,"n","ne","no"
24562,"sáith","sáithe","+e",true,1,"h","he","no"
24584,"sárchéim","sárchéime","+e",true,2,"m","me","no"
24594,"sárocsaíd","sárocsaíde","+e",true,3,"d","de","no"
24640,"scaglann","scaglainne","palatalized alt + e",false,2,"ann","ainne","no"
24644,"scaibéis","scaibéise","+e",true,2,"s","se","no"
24646,"scaif","scaife","+e",true,1,"f","fe","no"
24653,"scailp","scailpe","+e",true,1,"p","pe","no"
24655,"scaimh","scaimhe","+e",true,1,"h","he","no"
24665,"scair","scaire","+e",true,1,"r","re","no"
24666,"scairbh","scairbhe","+e",true,1,"h","he","no"
24683,"scairp","scairpe","+e",true,1,"p","pe","no"
24687,"scairsheilbh","scairsheilbhe","+e",true,2,"h","he","no"
24688,"scairt","scairte","+e",true,1,"t","te","no"
24721,"scamhóg","scamhóige","palatalized alt + e",false,2,"óg","óige","no"
24749,"scaoth","scaoithe","palatalized alt + e",false,1,"oth","oithe","no"
24756,"scaraoid","scaraoide","+e",true,2,"d","de","no"
24761,"scarbhileog","scarbhileoige","palatalized alt + e",false,3,"og","oige","no"
24764,"scarlóid","scarlóide","+e",true,2,"d","de","no"
24774,"scáil","scáile","+e",true,1,"l","le","no"
24801,"sceach","sceiche","palatalized alt + e",false,1,"each","eiche","yes"
24807,"scead","sceide","palatalized alt + e",false,1,"ead","eide","yes"
24817,"sceallóg","sceallóige","palatalized alt + e",false,2,"óg","óige","no"
24821,"scealpóg","scealpóige","palatalized alt + e",false,2,"óg","óige","no"
24831,"sceanairt","sceanairte","+e",true,2,"t","te","no"
24835,"sceanóg","sceanóige","palatalized alt + e",false,2,"óg","óige","no"
24837,"sceart","sceirte","palatalized alt + e",false,1,"eart","eirte","yes"
24840,"sceathrach","sceathraí","aí",false,2,"ach","aí","no"
24850,"sceig","sceige","+e",true,1,"g","ge","no"
24852,"sceilg","sceilge","+e",true,1,"g","ge","no"
24854,"sceilp","sceilpe","+e",true,1,"p","pe","no"
24857,"sceimheal","sceimhle","syncope + e",false,2,"heal","hle","yes"
24866,"sceir","sceire","+e",true,1,"r","re","no"
24867,"sceird","sceirde","+e",true,1,"d","de","no"
24869,"sceirdréim","sceirdréime","+e",true,2,"m","me","no"
24870,"sceireog","sceireoige","palatalized alt + e",false,2,"og","oige","no"
24874,"sceith","sceithe","+e",true,1,"h","he","no"
24891,"scéim","scéime","+e",true,1,"m","me","no"
24894,"scéimh","scéimhe","+e",true,1,"h","he","no"
24898,"scéin","scéine","+e",true,1,"n","ne","no"
24908,"sciamhlann","sciamhlainne","palatalized alt + e",false,2,"ann","ainne","no"
24910,"scian","scine","exception",false,1,"ian","ine","no"
24915,"sciath","scéithe","palatalized alt + e",false,1,"ciath","céithe","no"
24933,"scidil","scidile","+e",true,2,"l","le","no"
24934,"scif","scife","+e",true,1,"f","fe","no"
24936,"scigaithris","scigaithrise","+e",true,3,"s","se","no"
24946,"scil","scile","+e",true,1,"l","le","no"
24954,"scilling","scillinge","+e",true,2,"g","ge","no"
24981,"sciodarnach","sciodarnaí","aí",false,3,"ach","aí","no"
25029,"sciuird","sciuirde","+e",true,1,"d","de","no"
25050,"scíth","scíthe","+e",true,1,"h","he","no"
25051,"sclaig","sclaige","+e",true,1,"g","ge","no"
25069,"scléaróis","scléaróise","+e",true,2,"s","se","no"
25071,"scléip","scléipe","+e",true,1,"p","pe","no"
25091,"sclóin","sclóine","+e",true,1,"n","ne","no"
25097,"scoil","scoile","+e",true,1,"l","le","no"
25101,"scoilt","scoilte","+e",true,1,"t","te","no"
25103,"scoilteach","scoiltí","í",false,2,"teach","tí","yes"
25113,"scoiteach","scoití","í",false,2,"teach","tí","yes"
25126,"scolfairt","scolfairte","+e",true,2,"t","te","no"
25127,"scolgarnach","scolgarnaí","aí",false,3,"ach","aí","no"
25129,"scológ","scolóige","palatalized alt + e",false,2,"óg","óige","no"
25134,"sconnóg","sconnóige","palatalized alt + e",false,2,"óg","óige","no"
25145,"scornach","scornaí","aí",false,2,"ach","aí","no"
25165,"scothóg","scothóige","palatalized alt + e",false,2,"óg","óige","no"
25172,"scóid","scóide","+e",true,1,"d","de","no"
25173,"scóig","scóige","+e",true,1,"g","ge","no"
25175,"scóip","scóipe","+e",true,1,"p","pe","no"
25198,"scraith","scraithe","+e",true,1,"h","he","no"
25214,"scráib","scráibe","+e",true,1,"b","be","no"
25224,"screadach","screadaí","aí",false,2,"ach","aí","no"
25226,"screamh","screimhe","palatalized alt + e",false,1,"eamh","eimhe","yes"
25231,"screamhóg","screamhóige","palatalized alt + e",false,2,"óg","óige","no"
25236,"scréach","scréiche","palatalized alt + e",false,1,"éach","éiche","no"
25240,"scréachóg","scréachóige","palatalized alt + e",false,2,"óg","óige","no"
25241,"scrimisc","scrimisce","+e",true,2,"c","ce","no"
25256,"script","scripte","+e",true,1,"t","te","no"
25269,"scríbhinn","scríbhinne","+e",true,2,"n","ne","no"
25274,"scrín","scríne","+e",true,1,"n","ne","no"
25292,"scrobarnach","scrobarnaí","aí",false,3,"ach","aí","no"
25301,"scroid","scroide","+e",true,1,"d","de","no"
25320,"scuab","scuaibe","palatalized alt + e",false,1,"ab","aibe","no"
25330,"scuabobair","scuaboibre","palatalized alt syncope + e",true,3,"obair","oibre","no"
25335,"scuaid","scuaide","+e",true,1,"d","de","no"
25342,"scuais","scuaise","+e",true,1,"s","se","no"
25343,"scubaid","scubaide","+e",true,2,"d","de","no"
25345,"scuid","scuide","+e",true,1,"d","de","no"
25364,"seacain","seacaine","+e",true,2,"n","ne","no"
25391,"seachtain","seachtaine","+e",true,2,"n","ne","no"
25402,"seacláid","seacláide","+e",true,2,"d","de","no"
25413,"seadóg","seadóige","palatalized alt + e",false,2,"óg","óige","no"
25416,"seafaid","seafaide","+e",true,2,"d","de","no"
25417,"seafóid","seafóide","+e",true,2,"d","de","no"
25421,"seagalach","seagalaí","aí",false,3,"ach","aí","no"
25422,"seaghais","seaghaise","+e",true,2,"s","se","no"
25448,"seallóid","seallóide","+e",true,2,"d","de","no"
25449,"sealobair","sealoibre","palatalized alt syncope + e",true,3,"obair","oibre","no"
25456,"seamair","seimre","palatalized alt syncope + e",true,2,"eamair","eimre","no"
25463,"seamhróg","seamhróige","palatalized alt + e",false,2,"óg","óige","no"
25466,"seamróg","seamróige","palatalized alt + e",false,2,"óg","óige","no"
25486,"seanaois","seanaoise","+e",true,2,"s","se","no"
25547,"seanléim","seanléime","+e",true,2,"m","me","no"
25594,"searc","seirce","palatalized alt + e",false,1,"earc","eirce","yes"
25620,"seasmain","seasmaine","+e",true,2,"n","ne","no"
25646,"seicin","seicne","syncope + e",true,2,"cin","cne","no"
25653,"seict","seicte","+e",true,1,"t","te","no"
25658,"seift","seifte","+e",true,1,"t","te","no"
25662,"seilbh","seilbhe","+e",true,1,"h","he","no"
25675,"seilg","seilge","+e",true,1,"g","ge","no"
25696,"seipsis","seipsise","+e",true,2,"s","se","no"
25699,"seir","seire","+e",true,1,"r","re","no"
25705,"seirbhís","seirbhíse","+e",true,2,"s","se","no"
25708,"seirbil","seirbile","+e",true,2,"l","le","no"
25721,"seiris","seirise","+e",true,2,"s","se","no"
25744,"seisreach","seisrí","í",false,2,"reach","rí","yes"
25754,"seitreach","seitrí","í",false,2,"reach","rí","yes"
25763,"seoid","seoide","+e",true,1,"d","de","no"
25837,"séideog","séideoige","palatalized alt + e",false,2,"og","oige","no"
25846,"séimeantaic","séimeantaice","+e",true,3,"c","ce","no"
25863,"séis","séise","+e",true,1,"s","se","no"
25879,"siabhraigin","siabhraigine","+e",true,3,"n","ne","no"
25889,"sian","séine","palatalized alt + e",false,1,"sian","séine","no"
25919,"sifilis","sifilise","+e",true,3,"s","se","no"
25932,"sileacóis","sileacóise","+e",true,3,"s","se","no"
25938,"siléig","siléige","+e",true,2,"g","ge","no"
25953,"siltít","siltíte","+e",true,2,"t","te","no"
25970,"sinc","since","+e",true,1,"c","ce","no"
25971,"sincbhleind","sincbhleinde","+e",true,2,"d","de","no"
25979,"sindeacáit","sindeacáite","+e",true,3,"t","te","no"
25982,"sineach","siní","í",false,2,"neach","ní","yes"
26000,"sintéis","sintéise","+e",true,2,"s","se","no"
26023,"siolastrach","siolastraí","aí",false,3,"ach","aí","no"
26034,"siollóg","siollóige","palatalized alt + e",false,2,"óg","óige","no"
26042,"sioltachloch","sioltachloiche","palatalized alt + e",false,3,"och","oiche","no"
26044,"siombail","siombaile","+e",true,2,"l","le","no"
26056,"sionagóg","sionagóige","palatalized alt + e",false,3,"óg","óige","no"
26064,"sionfóin","sionfóine","+e",true,2,"n","ne","no"
26093,"siosarnach","siosarnaí","aí",false,3,"ach","aí","no"
26112,"sióg","sióige","palatalized alt + e",false,1,"óg","óige","no"
26113,"sip","sipe","+e",true,1,"p","pe","no"
26154,"siúlóid","siúlóide","+e",true,2,"d","de","no"
26194,"sín","síne","+e",true,1,"n","ne","no"
26226,"síocanailís","síocanailíse","+e",true,4,"s","se","no"
26258,"síollann","síollainne","palatalized alt + e",false,2,"ann","ainne","no"
26260,"síológ","síolóige","palatalized alt + e",false,2,"óg","óige","no"
26275,"síon","síne","palatalized alt + e",false,1,"íon","íne","no"
26285,"síoróip","síoróipe","+e",true,2,"p","pe","no"
26299,"sípris","síprise","+e",true,2,"s","se","no"
26301,"sír","síre","+e",true,1,"r","re","no"
26308,"síth","síthe","+e",true,1,"h","he","no"
26335,"slaig","slaige","+e",true,1,"g","ge","no"
26359,"slaparnach","slaparnaí","aí",false,3,"ach","aí","no"
26363,"slat","slaite","palatalized alt + e",false,1,"at","aite","no"
26367,"slatchill","slatchille","+e",true,2,"l","le","no"
26415,"sleamchúis","sleamchúise","+e",true,2,"s","se","no"
26440,"sliabh","sléibhe","palatalized alt + e",false,1,"liabh","léibhe","no"
26442,"sliasaid","sliasaide","+e",true,2,"d","de","no"
26453,"slinn","slinne","+e",true,1,"n","ne","no"
26482,"slis","slise","+e",true,1,"s","se","no"
26485,"sliseog","sliseoige","palatalized alt + e",false,2,"og","oige","no"
26521,"slogóg","slogóige","palatalized alt + e",false,2,"óg","óige","no"
26546,"sluasaid","sluaiste","palatalized alt syncope + e",true,2,"asaid","aiste","no"
26568,"smailleac","smaillice","palatalized + e",false,2,"leac","lice","yes"
26586,"smaragaid","smaragaide","+e",true,3,"d","de","no"
26595,"smeachóid","smeachóide","+e",true,2,"d","de","no"
26613,"sméar","sméire","palatalized alt + e",false,1,"éar","éire","no"
26615,"sméaróid","sméaróide","+e",true,2,"d","de","no"
26621,"smid","smide","+e",true,1,"d","de","no"
26623,"smig","smige","+e",true,1,"g","ge","no"
26645,"smoirt","smoirte","+e",true,1,"t","te","no"
26670,"smuilc","smuilce","+e",true,1,"c","ce","no"
26688,"smúit","smúite","+e",true,1,"t","te","no"
26712,"snaidhm","snaidhme","+e",true,1,"m","me","no"
26747,"snámhraic","snámhraice","+e",true,2,"c","ce","no"
26753,"snáthaid","snáthaide","+e",true,2,"d","de","no"
26824,"sochraid","sochraide","+e",true,2,"d","de","no"
26846,"sodóg","sodóige","palatalized alt + e",false,2,"óg","óige","no"
26878,"soineann","soininne","palatalized + e",false,2,"neann","ninne","yes"
26892,"soiriáis","soiriáise","+e",true,2,"s","se","no"
26896,"soith","soithe","+e",true,1,"h","he","no"
26903,"soladstaid","soladstaide","+e",true,3,"d","de","no"
26907,"solaoid","solaoide","+e",true,2,"d","de","no"
26935,"sonáid","sonáide","+e",true,2,"d","de","no"
26944,"sonóg","sonóige","palatalized alt + e",false,2,"óg","óige","no"
26975,"sornóg","sornóige","palatalized alt + e",false,2,"óg","óige","no"
26990,"sócmhainn","sócmhainne","+e",true,2,"n","ne","no"
26995,"sóid","sóide","+e",true,1,"d","de","no"
27030,"spaic","spaice","+e",true,1,"c","ce","no"
27036,"spailp","spailpe","+e",true,1,"p","pe","no"
27039,"spairn","spairne","+e",true,1,"n","ne","no"
27042,"spairt","spairte","+e",true,1,"t","te","no"
27070,"spád","spáide","palatalized alt + e",false,1,"ád","áide","no"
27071,"spág","spáige","palatalized alt + e",false,1,"ág","áige","no"
27086,"spáslong","spásloinge","palatalized alt + e",false,2,"ong","oinge","no"
27089,"speabhraíd","speabhraíde","+e",true,2,"d","de","no"
27116,"speic","speice","+e",true,1,"c","ce","no"
27153,"spéir","spéire","+e",true,1,"r","re","no"
27157,"spéirghealach","spéirghealaí","aí",false,3,"ach","aí","no"
27160,"spéirling","spéirlinge","+e",true,2,"g","ge","no"
27161,"spéirlint","spéirlinte","+e",true,2,"t","te","no"
27163,"spéis","spéise","+e",true,1,"s","se","no"
27171,"spideog","spideoige","palatalized alt + e",false,2,"og","oige","no"
27187,"spiogóid","spiogóide","+e",true,2,"d","de","no"
27201,"spioróg","spioróige","palatalized alt + e",false,2,"óg","óige","no"
27209,"spíd","spíde","+e",true,1,"d","de","no"
27216,"spíon","spíne","palatalized alt + e",false,1,"íon","íne","no"
27230,"splanc","splaince","palatalized alt + e",false,1,"anc","aince","no"
27244,"splinc","splince","+e",true,1,"c","ce","no"
27301,"spraic","spraice","+e",true,1,"c","ce","no"
27302,"sprais","spraise","+e",true,1,"s","se","no"
27304,"sprang","sprainge","palatalized alt + e",false,1,"ang","ainge","no"
27306,"spreab","spreibe","palatalized alt + e",false,1,"eab","eibe","yes"
27331,"spréacharnach","spréacharnaí","aí",false,3,"ach","aí","no"
27345,"sprid","spride","+e",true,1,"d","de","no"
27348,"sprioc","sprice","palatalized alt + e",false,1,"ioc","ice","no"
27375,"spruschaint","spruschainte","+e",true,2,"t","te","no"
27382,"spuaic","spuaice","+e",true,1,"c","ce","no"
27394,"spúnóg","spúnóige","palatalized alt + e",false,2,"óg","óige","no"
27408,"sracléarscáil","sracléarscáile","+e",true,3,"l","le","no"
27420,"sraith","sraithe","+e",true,1,"h","he","no"
27426,"sraitheog","sraitheoige","palatalized alt + e",false,2,"og","oige","no"
27428,"sraithiris","sraithirise","+e",true,3,"s","se","no"
27447,"sraoill","sraoille","+e",true,1,"l","le","no"
27457,"sraothartach","sraothartaí","aí",false,3,"ach","aí","no"
27467,"sráid","sráide","+e",true,1,"d","de","no"
27470,"sráideog","sráideoige","palatalized alt + e",false,2,"og","oige","no"
27481,"sreabhchairt","sreabhchairte","+e",true,2,"t","te","no"
27483,"sreabhchloch","sreabhchloiche","palatalized alt + e",false,2,"och","oiche","no"
27485,"sreabhléaráid","sreabhléaráide","+e",true,3,"d","de","no"
27489,"sreang","sreinge","palatalized alt + e",false,1,"eang","einge","yes"
27499,"sreangshúil","sreangshúile","+e",true,2,"l","le","no"
27518,"srón","sróine","palatalized alt + e",false,1,"ón","óine","no"
27528,"srubh","sruibhe","palatalized alt + e",false,1,"ubh","uibhe","no"
27556,"srúill","srúille","+e",true,1,"l","le","no"
27580,"staic","staice","+e",true,1,"c","ce","no"
27583,"staid","staide","+e",true,1,"d","de","no"
27588,"staidiúir","staidiúire","+e",true,2,"r","re","no"
27596,"stail","staile","+e",true,1,"l","le","no"
27597,"stailc","stailce","+e",true,1,"c","ce","no"
27601,"stainc","staince","+e",true,1,"c","ce","no"
27605,"stair","staire","+e",true,1,"r","re","no"
27608,"staitistic","staitistice","+e",true,3,"c","ce","no"
27642,"staróg","staróige","palatalized alt + e",false,2,"óg","óige","no"
27647,"starraic","starraice","+e",true,2,"c","ce","no"
27652,"starrfhiacail","starrfhiacaile","+e",true,3,"l","le","no"
27672,"stáir","stáire","+e",true,1,"r","re","no"
27704,"státseirbhís","státseirbhíse","+e",true,3,"s","se","no"
27710,"steall","steille","palatalized alt + e",false,1,"eall","eille","yes"
27729,"steip","steipe","+e",true,1,"p","pe","no"
27748,"stéchloch","stéchloiche","palatalized alt + e",false,2,"och","oiche","no"
27751,"stéig","stéige","+e",true,1,"g","ge","no"
27755,"stiall","stéille","palatalized alt + e",false,1,"tiall","téille","no"
27764,"stil","stile","+e",true,1,"l","le","no"
27791,"stíl","stíle","+e",true,1,"l","le","no"
27800,"stíoróip","stíoróipe","+e",true,2,"p","pe","no"
27832,"stoil","stoile","+e",true,1,"l","le","no"
27835,"stoirm","stoirme","+e",true,1,"m","me","no"
27855,"stopainn","stopainne","+e",true,2,"n","ne","no"
27903,"straibhéis","straibhéise","+e",true,2,"s","se","no"
27904,"straidhn","straidhne","+e",true,1,"n","ne","no"
27918,"straitéis","straitéise","+e",true,2,"s","se","no"
27930,"straois","straoise","+e",true,1,"s","se","no"
27932,"straoiseog","straoiseoige","palatalized alt + e",false,2,"og","oige","no"
27951,"streachailt","streachailte","+e",true,2,"t","te","no"
27957,"streill","streille","+e",true,1,"l","le","no"
27964,"striapach","striapaí","aí",false,2,"ach","aí","no"
27967,"stríoc","stríce","palatalized alt + e",false,1,"íoc","íce","no"
27973,"stroighin","stroighne","syncope + e",true,2,"hin","hne","no"
28015,"stuaic","stuaice","+e",true,1,"c","ce","no"
28018,"stuaim","stuaime","+e",true,1,"m","me","no"
28042,"suaill","suaille","+e",true,1,"l","le","no"
28091,"subh","suibhe","palatalized alt + e",false,1,"ubh","uibhe","no"
28096,"substaint","substainte","+e",true,2,"t","te","no"
28101,"sufraigéid","sufraigéide","+e",true,3,"d","de","no"
28109,"suibscríbhinn","suibscríbhinne","+e",true,3,"n","ne","no"
28112,"suilfíd","suilfíde","+e",true,2,"d","de","no"
28114,"suim","suime","+e",true,1,"m","me","no"
28117,"suimint","suiminte","+e",true,2,"t","te","no"
28133,"suirplís","suirplíse","+e",true,2,"s","se","no"
28147,"sulfáit","sulfáite","+e",true,2,"t","te","no"
28162,"sursaing","sursainge","+e",true,2,"g","ge","no"
28189,"súil","súile","+e",true,1,"l","le","no"
28220,"súmóg","súmóige","palatalized alt + e",false,2,"óg","óige","no"
28238,"svaeid","svaeide","+e",true,1,"d","de","no"
28243,"svuít","svuíte","+e",true,1,"t","te","no"
28262,"tacartheoiric","tacartheoirice","+e",true,4,"c","ce","no"
28272,"tacóid","tacóide","+e",true,2,"d","de","no"
28306,"taibhdhearc","taibhdheirce","palatalized alt + e",false,2,"earc","eirce","yes"
28336,"tailm","tailme","+e",true,1,"m","me","no"
28339,"tainnin","tainnine","+e",true,2,"n","ne","no"
28340,"taipéis","taipéise","+e",true,2,"s","se","no"
28364,"tairseach","tairsí","í",false,2,"seach","sí","yes"
28378,"taisclann","taisclainne","palatalized alt + e",false,2,"ann","ainne","no"
28420,"tallann","tallainne","palatalized alt + e",false,2,"ann","ainne","no"
28479,"taobhmhír","taobhmhíre","+e",true,2,"r","re","no"
28488,"taobhshráid","taobhshráide","+e",true,2,"d","de","no"
28495,"taoisc","taoisce","+e",true,1,"c","ce","no"
28519,"tapóg","tapóige","palatalized alt + e",false,2,"óg","óige","no"
28533,"tarbhfhríd","tarbhfhríde","+e",true,2,"d","de","no"
28546,"tareitilt","tareitilte","+e",true,3,"t","te","no"
28550,"targaid","targaide","+e",true,2,"d","de","no"
28592,"tascobair","tascoibre","palatalized alt syncope + e",true,3,"obair","oibre","no"
28619,"táiplis","táiplise","+e",true,2,"s","se","no"
28673,"táthmhír","táthmhíre","+e",true,2,"r","re","no"
28698,"teaictic","teaictice","+e",true,2,"c","ce","no"
28711,"teanchair","teanchaire","+e",true,2,"r","re","no"
28729,"teannóg","teannóige","palatalized alt + e",false,2,"óg","óige","no"
28758,"teasc","teisce","palatalized alt + e",false,1,"easc","eisce","yes"
28762,"teascóg","teascóige","palatalized alt + e",false,2,"óg","óige","no"
28790,"teicníc","teicníce","+e",true,2,"c","ce","no"
28825,"teilifís","teilifíse","+e",true,3,"s","se","no"
28842,"teip","teipe","+e",true,1,"p","pe","no"
28866,"teirmít","teirmíte","+e",true,2,"t","te","no"
28871,"teiscinn","teiscinne","+e",true,2,"n","ne","no"
28873,"teist","teiste","+e",true,1,"t","te","no"
28894,"teoiric","teoirice","+e",true,2,"c","ce","no"
28896,"teoirim","teoirime","+e",true,2,"m","me","no"
28906,"téac","téice","palatalized alt + e",false,1,"éac","éice","no"
28912,"téad","téide","palatalized alt + e",false,1,"éad","éide","no"
28920,"téadléimneach","téadléimní","í",false,3,"neach","ní","yes"
28924,"téaduirlis","téaduirlise","+e",true,3,"s","se","no"
28941,"téip","téipe","+e",true,1,"p","pe","no"
28942,"téipdheic","téipdheice","+e",true,2,"c","ce","no"
28945,"téirim","téirime","+e",true,2,"m","me","no"
28946,"téis","téise","+e",true,1,"s","se","no"
28947,"téisclim","téisclime","+e",true,2,"m","me","no"
28952,"tiachóg","tiachóige","palatalized alt + e",false,2,"óg","óige","no"
28958,"tiarach","tiaraí","aí",false,2,"ach","aí","no"
29014,"tintreach","tintrí","í",false,2,"reach","rí","yes"
29045,"tionóisc","tionóisce","+e",true,2,"c","ce","no"
29074,"titeog","titeoige","palatalized alt + e",false,2,"og","oige","no"
29077,"titim","titime","+e",true,2,"m","me","no"
29085,"tiúb","tiúibe","palatalized alt + e",false,1,"úb","úibe","no"
29094,"tiúilip","tiúilipe","+e",true,2,"p","pe","no"
29095,"tiúin","tiúine","+e",true,1,"n","ne","no"
29105,"tíl","tíle","+e",true,1,"l","le","no"
29107,"tím","tíme","+e",true,1,"m","me","no"
29128,"tír","tíre","+e",true,1,"r","re","no"
29164,"tobstailc","tobstailce","+e",true,2,"c","ce","no"
29165,"tochailt","tochailte","+e",true,2,"t","te","no"
29188,"todóg","todóige","palatalized alt + e",false,2,"óg","óige","no"
29195,"toghairm","toghairme","+e",true,2,"m","me","no"
29205,"toghroinn","toghroinne","+e",true,2,"n","ne","no"
29218,"toighis","toighse","syncope + e",true,2,"his","hse","no"
29245,"toirchim","toirchime","+e",true,2,"m","me","no"
29250,"toirm","toirme","+e",true,1,"m","me","no"
29253,"toirneach","toirní","í",false,2,"neach","ní","yes"
29254,"toirnéis","toirnéise","+e",true,2,"s","se","no"
29261,"toirt","toirte","+e",true,1,"t","te","no"
29262,"toirtéis","toirtéise","+e",true,2,"s","se","no"
29265,"toirtís","toirtíse","+e",true,2,"s","se","no"
29266,"toisc","toisce","+e",true,1,"c","ce","no"
29269,"toit","toite","+e",true,1,"t","te","no"
29279,"tolglann","tolglainne","palatalized alt + e",false,2,"ann","ainne","no"
29297,"tomhailt","tomhailte","+e",true,2,"t","te","no"
29311,"tonn","toinne","palatalized alt + e",false,1,"onn","oinne","no"
29317,"tonnaois","tonnaoise","+e",true,2,"s","se","no"
29364,"tornóg","tornóige","palatalized alt + e",false,2,"óg","óige","no"
29377,"tortóg","tortóige","palatalized alt + e",false,2,"óg","óige","no"
29448,"tracóg","tracóige","palatalized alt + e",false,2,"óg","óige","no"
29454,"tragóid","tragóide","+e",true,2,"d","de","no"
29470,"traimil","traimle","syncope + e",true,2,"mil","mle","no"
29502,"trasdeic","trasdeice","+e",true,2,"c","ce","no"
29557,"tráill","tráille","+e",true,1,"l","le","no"
29614,"treibh","treibhe","+e",true,1,"h","he","no"
29619,"treighid","treighde","syncope + e",true,2,"hid","hde","no"
29709,"tréith","tréithe","+e",true,1,"h","he","no"
29742,"trilis","trilse","syncope + e",true,2,"lis","lse","no"
29752,"trioblóid","trioblóide","+e",true,2,"d","de","no"
29754,"triológ","triolóige","palatalized alt + e",false,2,"óg","óige","no"
29770,"triptic","triptice","+e",true,2,"c","ce","no"
29819,"troigh","troighe","+e",true,1,"h","he","no"
29847,"trombóis","trombóise","+e",true,2,"s","se","no"
29855,"tromchúis","tromchúise","+e",true,2,"s","se","no"
29889,"trópaic","trópaice","+e",true,2,"c","ce","no"
29898,"truaill","truaille","+e",true,1,"l","le","no"
29913,"trucaid","trucaide","+e",true,2,"d","de","no"
29914,"trucail","trucaile","+e",true,2,"l","le","no"
29917,"truflais","truflaise","+e",true,2,"s","se","no"
29926,"truip","truipe","+e",true,1,"p","pe","no"
29941,"truslóg","truslóige","palatalized alt + e",false,2,"óg","óige","no"
29948,"trúig","trúige","+e",true,1,"g","ge","no"
29958,"tuailm","tuailme","+e",true,1,"m","me","no"
29963,"tuaiplis","tuaiplise","+e",true,2,"s","se","no"
29966,"tuairim","tuairime","+e",true,2,"m","me","no"
29969,"tuairisc","tuairisce","+e",true,2,"c","ce","no"
29975,"tuairt","tuairte","+e",true,1,"t","te","no"
30004,"tuath","tuaithe","palatalized alt + e",false,1,"ath","aithe","no"
30037,"tuin","tuine","+e",true,1,"n","ne","no"
30039,"tuineach","tuiní","í",false,2,"neach","ní","yes"
30052,"tuirlingt","tuirlingthe","ingthe",true,2,"t","the","no"
30077,"tulach","tulaí","aí",false,2,"ach","aí","no"
30086,"tulchríoch","tulchríche","palatalized alt + e",false,2,"íoch","íche","no"
30092,"tulslais","tulslaise","+e",true,2,"s","se","no"
30130,"turcaid","turcaide","+e",true,2,"d","de","no"
30142,"turnaimint","turnaiminte","+e",true,3,"t","te","no"
30144,"turraing","turrainge","+e",true,2,"g","ge","no"
30150,"tuth","tuithe","palatalized alt + e",false,1,"uth","uithe","no"
30152,"tuthóg","tuthóige","palatalized alt + e",false,2,"óg","óige","no"
30157,"túis","túise","+e",true,1,"s","se","no"
30175,"tvuít","tvuíte","+e",true,1,"t","te","no"
30177,"uachais","uachaise","+e",true,2,"s","se","no"
30182,"uachtarlann","uachtarlainne","palatalized alt + e",false,3,"ann","ainne","no"
30189,"uaigh","uaighe","+e",true,1,"h","he","no"
30191,"uail","uaile","+e",true,1,"l","le","no"
30192,"uaill","uaille","+e",true,1,"l","le","no"
30195,"uaillmhian","uaillmhéine","palatalized alt + e",false,2,"hian","héine","no"
30197,"uaimh","uaimhe","+e",true,1,"h","he","no"
30202,"uain","uaine","+e",true,1,"n","ne","no"
30210,"uainobair","uainoibre","palatalized alt syncope + e",true,3,"obair","oibre","no"
30211,"uair","uaire","+e",true,1,"r","re","no"
30226,"uallfairt","uallfairte","+e",true,2,"t","te","no"
30227,"uallfartach","uallfartaí","aí",false,3,"ach","aí","no"
30243,"uaschamóg","uaschamóige","palatalized alt + e",false,3,"óg","óige","no"
30247,"uaschúirt","uaschúirte","+e",true,2,"t","te","no"
30251,"uasmhéid","uasmhéide","+e",true,2,"d","de","no"
30278,"uathscamhóg","uathscamhóige","palatalized alt + e",false,3,"óg","óige","no"
30284,"ubh","uibhe","palatalized alt + e",false,1,"ubh","uibhe","no"
30307,"uchtóg","uchtóige","palatalized alt + e",false,2,"óg","óige","no"
30332,"uillinn","uillinne","+e",true,2,"n","ne","no"
30339,"uimhirtheoiric","uimhirtheoirice","+e",true,4,"c","ce","no"
30352,"uirlis","uirlise","+e",true,2,"s","se","no"
30371,"uisinn","uisinne","+e",true,2,"n","ne","no"
30380,"ullmhóid","ullmhóide","+e",true,2,"d","de","no"
30384,"ulóg","ulóige","palatalized alt + e",false,2,"óg","óige","no"
30385,"ulpóg","ulpóige","palatalized alt + e",false,2,"óg","óige","no"
30386,"ulscréachóg","ulscréachóige","palatalized alt + e",false,3,"óg","óige","no"
30388,"ultrafhuaim","ultrafhuaime","+e",true,3,"m","me","no"
30402,"umhlóid","umhlóide","+e",true,2,"d","de","no"
30429,"urchóid","urchóide","+e",true,2,"d","de","no"
30432,"urchuil","urchuile","+e",true,2,"l","le","no"
30462,"urraim","urraime","+e",true,2,"m","me","no"
30468,"urrann","urrainne","palatalized alt + e",false,2,"ann","ainne","no"
30469,"urróg","urróige","palatalized alt + e",false,2,"óg","óige","no"
30474,"ursain","ursaine","+e",true,2,"n","ne","no"
30509,"úir","úire","+e",true,1,"r","re","no"
30529,"úllóg","úllóige","palatalized alt + e",false,2,"óg","óige","no"
30535,"únfairt","únfairte","+e",true,2,"t","te","no"
30566,"úsáid","úsáide","+e",true,2,"d","de","no"
30581,"vacsaín","vacsaíne","+e",true,2,"n","ne","no"
30590,"vaimpír","vaimpíre","+e",true,2,"r","re","no"
30594,"vallait","vallaite","+e",true,2,"t","te","no"
30606,"vácarnach","vácarnaí","aí",false,3,"ach","aí","no"
30617,"vearnais","vearnaise","+e",true,2,"s","se","no"
30629,"veilbhit","veilbhite","+e",true,2,"t","te","no"
30635,"veist","veiste","+e",true,1,"t","te","no"
30646,"vinil","vinile","+e",true,2,"l","le","no"
30660,"voil","voile","+e",true,1,"l","le","no"
30661,"volfraimít","volfraimíte","+e",true,3,"t","te","no"
30696,"y-chomhordanáid","y-chomhordanáide","+e",true,4,"d","de","no"
